n_estimators,max_depth,learning_rate,subsample,colsample_bytree,reg_alpha,reg_lambda,mean_directional_accuracy,mean_rmse,mean_r2,selection_score
100,3,0.03,0.7,0.6,0.5,10.0,0.6851851851851851,0.032273939438258084,-0.14170096111486827,0.6835714882132722
100,3,0.03,0.7,0.6,0.5,5.0,0.6851851851851851,0.032284123685653116,-0.14172435184185928,0.6835709790009025
100,3,0.03,0.7,0.6,0.5,2.0,0.6851851851851851,0.03235568428994309,-0.1459871606356437,0.6835674009706879
100,3,0.03,0.7,0.7,0.5,10.0,0.6851851851851851,0.03232312163682646,-0.15064665334541674,0.6835690291033438
100,3,0.03,0.7,0.7,0.5,5.0,0.6851851851851851,0.032362522311449454,-0.15353551008578925,0.6835670590696127
100,2,0.03,0.7,0.7,0.5,2.0,0.675925925925926,0.032175281488528634,-0.13037546490637072,0.6743171618514996
100,2,0.01,0.7,0.7,0.5,10.0,0.6759259259259259,0.03201534086639645,-0.1180250222463794,0.6743251588826061
100,2,0.01,0.7,0.7,0.5,5.0,0.6759259259259259,0.03202605255439899,-0.11896174883858651,0.674324623298206
100,2,0.01,0.7,0.6,0.5,5.0,0.6759259259259259,0.032034972325426916,-0.11898863385258861,0.6743241773096545
100,2,0.01,0.7,0.6,0.5,2.0,0.6759259259259259,0.0320368148360538,-0.11919262132060027,0.6743240851841232
100,2,0.01,0.7,0.7,0.5,2.0,0.6759259259259259,0.03202529832616305,-0.1191976898683741,0.6743246610096177
100,2,0.01,0.7,0.6,0.5,10.0,0.6759259259259259,0.03202950890017223,-0.1192111661067566,0.6743244504809173
50,2,0.03,0.7,0.6,0.5,10.0,0.6759259259259259,0.032071663426300044,-0.12214155536854876,0.6743223427546109
50,2,0.03,0.7,0.7,0.5,10.0,0.6759259259259259,0.03207005661484323,-0.12242080057425928,0.6743224230951838
50,2,0.01,0.7,0.7,0.5,10.0,0.6759259259259259,0.03204041323542413,-0.12242978743543047,0.6743239052641548
50,2,0.01,0.7,0.7,0.5,5.0,0.6759259259259259,0.032049075997928264,-0.12273180285320079,0.6743234721260295
50,2,0.01,0.7,0.7,0.5,2.0,0.6759259259259259,0.032045351756989075,-0.12273756007539866,0.6743236583380765
50,2,0.01,0.7,0.6,0.5,2.0,0.6759259259259259,0.032051127973729276,-0.12314472696557194,0.6743233695272395
100,2,0.03,0.7,0.6,0.5,10.0,0.6759259259259259,0.03211551018711367,-0.12321626242338775,0.6743201504165702
50,2,0.01,0.7,0.6,0.5,10.0,0.6759259259259259,0.03204836940825647,-0.12339370940005676,0.6743235074555131
50,2,0.01,0.7,0.6,0.5,5.0,0.6759259259259259,0.03205635146836432,-0.12346892265803439,0.6743231083525077
50,2,0.03,0.7,0.7,0.5,5.0,0.6759259259259259,0.03208259447219148,-0.12375119605659195,0.6743217962023164
50,2,0.03,0.7,0.6,0.5,5.0,0.6759259259259259,0.03209577550784951,-0.12376402166792097,0.6743211371505334
100,3,0.01,0.7,0.6,0.5,10.0,0.6759259259259259,0.03207798245141005,-0.12387848374227198,0.6743220268033554
100,2,0.03,0.7,0.6,0.5,5.0,0.6759259259259259,0.03213914480734881,-0.12399448967085244,0.6743189686855585
100,2,0.01,0.6,0.7,0.5,10.0,0.6759259259259259,0.032066209040804,-0.12421378252824117,0.6743226154738857
100,3,0.01,0.7,0.6,0.5,5.0,0.6759259259259259,0.032096645802721376,-0.12463684934554725,0.6743210936357898
100,3,0.03,0.7,0.6,1.0,2.0,0.6759259259259259,0.03204745614140174,-0.12478957837856092,0.6743235531188558
100,3,0.03,0.7,0.7,1.0,2.0,0.6759259259259259,0.03204745614140174,-0.12478957837856092,0.6743235531188558
100,3,0.01,0.6,0.6,0.5,10.0,0.6759259259259259,0.03207896099777088,-0.12480976470007873,0.6743219778760374
100,3,0.03,0.7,0.6,1.0,5.0,0.6759259259259259,0.032047647511979575,-0.12481191668475705,0.674323543550327
100,3,0.03,0.7,0.7,1.0,5.0,0.6759259259259259,0.032047647511979575,-0.12481191668475705,0.674323543550327
100,2,0.01,0.6,0.6,0.5,10.0,0.6759259259259259,0.032071391988363486,-0.12483371274904115,0.6743223563265077
100,3,0.03,0.7,0.6,1.0,10.0,0.6759259259259259,0.03204793282272072,-0.12484536971854765,0.6743235292847899
100,3,0.03,0.7,0.7,1.0,10.0,0.6759259259259259,0.03204793282272072,-0.12484536971854765,0.6743235292847899
50,2,0.03,0.6,0.6,0.5,10.0,0.6759259259259259,0.03208806900362096,-0.1248768473967853,0.6743215224757448
100,2,0.03,0.7,0.7,0.5,10.0,0.6759259259259259,0.032128301238885694,-0.12488904590676622,0.6743195108639817
100,2,0.03,0.7,0.6,1.0,2.0,0.6759259259259259,0.03204851500308251,-0.12493777037719583,0.6743235001757718
100,2,0.03,0.7,0.7,1.0,2.0,0.6759259259259259,0.03204851500308251,-0.12493777037719583,0.6743235001757718
100,2,0.03,0.7,0.6,1.0,5.0,0.6759259259259259,0.032048653057376496,-0.12495323063169367,0.6743234932730571
100,2,0.03,0.7,0.7,1.0,5.0,0.6759259259259259,0.032048653057376496,-0.12495323063169367,0.6743234932730571
100,2,0.03,0.7,0.6,1.0,10.0,0.6759259259259259,0.03204886017543615,-0.12497651685630921,0.6743234829171542
100,2,0.03,0.7,0.7,1.0,10.0,0.6759259259259259,0.03204886017543615,-0.12497651685630921,0.6743234829171542
50,3,0.03,0.7,0.6,1.0,2.0,0.6759259259259259,0.03204969044091324,-0.12506687864197633,0.6743234414038802
50,3,0.03,0.7,0.7,1.0,2.0,0.6759259259259259,0.03204969044091324,-0.12506687864197633,0.6743234414038802
50,3,0.03,0.7,0.6,1.0,5.0,0.6759259259259259,0.03204980271644357,-0.12507929685698957,0.6743234357901038
50,3,0.03,0.7,0.7,1.0,5.0,0.6759259259259259,0.03204980271644357,-0.12507929685698957,0.6743234357901038
50,3,0.03,0.7,0.6,1.0,10.0,0.6759259259259259,0.03204996794962051,-0.12509770687672858,0.6743234275284449
50,3,0.03,0.7,0.7,1.0,10.0,0.6759259259259259,0.03204996794962051,-0.12509770687672858,0.6743234275284449
50,2,0.03,0.7,0.6,1.0,2.0,0.6759259259259259,0.03205025246279883,-0.12513266018485658,0.674323413302786
50,2,0.03,0.7,0.7,1.0,2.0,0.6759259259259259,0.03205025246279883,-0.12513266018485658,0.674323413302786
50,2,0.03,0.7,0.6,1.0,5.0,0.6759259259259259,0.0320503321253255,-0.12514154066877803,0.6743234093196596
50,2,0.03,0.7,0.7,1.0,5.0,0.6759259259259259,0.0320503321253255,-0.12514154066877803,0.6743234093196596
50,2,0.03,0.7,0.6,1.0,10.0,0.6759259259259259,0.03205045016501354,-0.12515479395045206,0.6743234034176753
50,2,0.03,0.7,0.7,1.0,10.0,0.6759259259259259,0.03205045016501354,-0.12515479395045206,0.6743234034176753
100,3,0.01,0.7,0.6,1.0,2.0,0.6759259259259259,0.032050468793022764,-0.1251578242829819,0.6743234024862748
100,3,0.01,0.7,0.7,1.0,2.0,0.6759259259259259,0.032050468793022764,-0.1251578242829819,0.6743234024862748
100,3,0.01,0.7,0.6,1.0,5.0,0.6759259259259259,0.03205053342752785,-0.12516533717486655,0.6743233992545495
100,3,0.01,0.7,0.7,1.0,5.0,0.6759259259259259,0.03205053342752785,-0.12516533717486655,0.6743233992545495
100,3,0.01,0.7,0.6,1.0,10.0,0.6759259259259259,0.03205062974234507,-0.12517658370975818,0.6743233944388087
100,3,0.01,0.7,0.7,1.0,10.0,0.6759259259259259,0.03205062974234507,-0.12517658370975818,0.6743233944388087
100,2,0.01,0.7,0.6,1.0,2.0,0.6759259259259259,0.03205082726469266,-0.12520765083085184,0.6743233845626913
100,2,0.01,0.7,0.7,1.0,2.0,0.6759259259259259,0.03205082726469266,-0.12520765083085184,0.6743233845626913
100,2,0.01,0.7,0.6,1.0,5.0,0.6759259259259259,0.032050873691627145,-0.12521283639647773,0.6743233822413446
100,2,0.01,0.7,0.7,1.0,5.0,0.6759259259259259,0.032050873691627145,-0.12521283639647773,0.6743233822413446
100,2,0.01,0.7,0.6,1.0,10.0,0.6759259259259259,0.03205094330051993,-0.12522064408918113,0.6743233787609
100,2,0.01,0.7,0.7,1.0,10.0,0.6759259259259259,0.03205094330051993,-0.12522064408918113,0.6743233787609
50,3,0.01,0.7,0.6,1.0,2.0,0.6759259259259259,0.032051217625113315,-0.12525054538563996,0.6743233650446703
50,3,0.01,0.7,0.7,1.0,2.0,0.6759259259259259,0.032051217625113315,-0.12525054538563996,0.6743233650446703
50,3,0.01,0.7,0.6,1.0,5.0,0.6759259259259259,0.03205125562665267,-0.12525473243611918,0.6743233631445933
50,3,0.01,0.7,0.7,1.0,5.0,0.6759259259259259,0.03205125562665267,-0.12525473243611918,0.6743233631445933
50,3,0.01,0.7,0.6,1.0,10.0,0.6759259259259259,0.03205131151842769,-0.12526093633624746,0.6743233603500045
50,3,0.01,0.7,0.7,1.0,10.0,0.6759259259259259,0.03205131151842769,-0.12526093633624746,0.6743233603500045
50,2,0.01,0.7,0.6,1.0,2.0,0.6759259259259259,0.03205140839159332,-0.12527275388290096,0.6743233555063463
50,2,0.01,0.7,0.7,1.0,2.0,0.6759259259259259,0.03205140839159332,-0.12527275388290096,0.6743233555063463
50,2,0.01,0.7,0.6,1.0,5.0,0.6759259259259259,0.032051435224790516,-0.12527573732026573,0.6743233541646864
50,2,0.01,0.7,0.7,1.0,5.0,0.6759259259259259,0.032051435224790516,-0.12527573732026573,0.6743233541646864
50,2,0.01,0.7,0.6,1.0,10.0,0.6759259259259259,0.03205147496352975,-0.12528018760215848,0.6743233521777494
50,2,0.01,0.7,0.7,1.0,10.0,0.6759259259259259,0.03205147496352975,-0.12528018760215848,0.6743233521777494
50,2,0.01,0.6,0.6,1.0,2.0,0.6759259259259259,0.032051991700564025,-0.12534324569953037,0.6743233263408978
50,2,0.01,0.6,0.6,1.0,5.0,0.6759259259259259,0.032051991700564025,-0.12534324569953037,0.6743233263408978
50,2,0.01,0.6,0.6,1.0,10.0,0.6759259259259259,0.032051991700564025,-0.12534324569953037,0.6743233263408978
50,2,0.01,0.6,0.6,2.0,2.0,0.6759259259259259,0.032051991700564025,-0.12534324569953037,0.6743233263408978
50,2,0.01,0.6,0.6,2.0,5.0,0.6759259259259259,0.032051991700564025,-0.12534324569953037,0.6743233263408978
50,2,0.01,0.6,0.6,2.0,10.0,0.6759259259259259,0.032051991700564025,-0.12534324569953037,0.6743233263408978
50,2,0.01,0.6,0.7,1.0,2.0,0.6759259259259259,0.032051991700564025,-0.12534324569953037,0.6743233263408978
50,2,0.01,0.6,0.7,1.0,5.0,0.6759259259259259,0.032051991700564025,-0.12534324569953037,0.6743233263408978
50,2,0.01,0.6,0.7,1.0,10.0,0.6759259259259259,0.032051991700564025,-0.12534324569953037,0.6743233263408978
50,2,0.01,0.6,0.7,2.0,2.0,0.6759259259259259,0.032051991700564025,-0.12534324569953037,0.6743233263408978
50,2,0.01,0.6,0.7,2.0,5.0,0.6759259259259259,0.032051991700564025,-0.12534324569953037,0.6743233263408978
50,2,0.01,0.6,0.7,2.0,10.0,0.6759259259259259,0.032051991700564025,-0.12534324569953037,0.6743233263408978
50,2,0.01,0.7,0.6,2.0,2.0,0.6759259259259259,0.032051991700564025,-0.12534324569953037,0.6743233263408978
50,2,0.01,0.7,0.6,2.0,5.0,0.6759259259259259,0.032051991700564025,-0.12534324569953037,0.6743233263408978
50,2,0.01,0.7,0.6,2.0,10.0,0.6759259259259259,0.032051991700564025,-0.12534324569953037,0.6743233263408978
50,2,0.01,0.7,0.7,2.0,2.0,0.6759259259259259,0.032051991700564025,-0.12534324569953037,0.6743233263408978
50,2,0.01,0.7,0.7,2.0,5.0,0.6759259259259259,0.032051991700564025,-0.12534324569953037,0.6743233263408978
50,2,0.01,0.7,0.7,2.0,10.0,0.6759259259259259,0.032051991700564025,-0.12534324569953037,0.6743233263408978
50,2,0.03,0.6,0.6,1.0,2.0,0.6759259259259259,0.032051991700564025,-0.12534324569953037,0.6743233263408978
50,2,0.03,0.6,0.6,1.0,5.0,0.6759259259259259,0.032051991700564025,-0.12534324569953037,0.6743233263408978
50,2,0.03,0.6,0.6,1.0,10.0,0.6759259259259259,0.032051991700564025,-0.12534324569953037,0.6743233263408978
50,2,0.03,0.6,0.6,2.0,2.0,0.6759259259259259,0.032051991700564025,-0.12534324569953037,0.6743233263408978
50,2,0.03,0.6,0.6,2.0,5.0,0.6759259259259259,0.032051991700564025,-0.12534324569953037,0.6743233263408978
50,2,0.03,0.6,0.6,2.0,10.0,0.6759259259259259,0.032051991700564025,-0.12534324569953037,0.6743233263408978
50,2,0.03,0.6,0.7,1.0,2.0,0.6759259259259259,0.032051991700564025,-0.12534324569953037,0.6743233263408978
50,2,0.03,0.6,0.7,1.0,5.0,0.6759259259259259,0.032051991700564025,-0.12534324569953037,0.6743233263408978
50,2,0.03,0.6,0.7,1.0,10.0,0.6759259259259259,0.032051991700564025,-0.12534324569953037,0.6743233263408978
50,2,0.03,0.6,0.7,2.0,2.0,0.6759259259259259,0.032051991700564025,-0.12534324569953037,0.6743233263408978
50,2,0.03,0.6,0.7,2.0,5.0,0.6759259259259259,0.032051991700564025,-0.12534324569953037,0.6743233263408978
50,2,0.03,0.6,0.7,2.0,10.0,0.6759259259259259,0.032051991700564025,-0.12534324569953037,0.6743233263408978
50,2,0.03,0.7,0.6,2.0,2.0,0.6759259259259259,0.032051991700564025,-0.12534324569953037,0.6743233263408978
50,2,0.03,0.7,0.6,2.0,5.0,0.6759259259259259,0.032051991700564025,-0.12534324569953037,0.6743233263408978
50,2,0.03,0.7,0.6,2.0,10.0,0.6759259259259259,0.032051991700564025,-0.12534324569953037,0.6743233263408978
50,2,0.03,0.7,0.7,2.0,2.0,0.6759259259259259,0.032051991700564025,-0.12534324569953037,0.6743233263408978
50,2,0.03,0.7,0.7,2.0,5.0,0.6759259259259259,0.032051991700564025,-0.12534324569953037,0.6743233263408978
50,2,0.03,0.7,0.7,2.0,10.0,0.6759259259259259,0.032051991700564025,-0.12534324569953037,0.6743233263408978
50,3,0.01,0.6,0.6,1.0,2.0,0.6759259259259259,0.032051991700564025,-0.12534324569953037,0.6743233263408978
50,3,0.01,0.6,0.6,1.0,5.0,0.6759259259259259,0.032051991700564025,-0.12534324569953037,0.6743233263408978
50,3,0.01,0.6,0.6,1.0,10.0,0.6759259259259259,0.032051991700564025,-0.12534324569953037,0.6743233263408978
50,3,0.01,0.6,0.6,2.0,2.0,0.6759259259259259,0.032051991700564025,-0.12534324569953037,0.6743233263408978
50,3,0.01,0.6,0.6,2.0,5.0,0.6759259259259259,0.032051991700564025,-0.12534324569953037,0.6743233263408978
50,3,0.01,0.6,0.6,2.0,10.0,0.6759259259259259,0.032051991700564025,-0.12534324569953037,0.6743233263408978
50,3,0.01,0.6,0.7,1.0,2.0,0.6759259259259259,0.032051991700564025,-0.12534324569953037,0.6743233263408978
50,3,0.01,0.6,0.7,1.0,5.0,0.6759259259259259,0.032051991700564025,-0.12534324569953037,0.6743233263408978
50,3,0.01,0.6,0.7,1.0,10.0,0.6759259259259259,0.032051991700564025,-0.12534324569953037,0.6743233263408978
50,3,0.01,0.6,0.7,2.0,2.0,0.6759259259259259,0.032051991700564025,-0.12534324569953037,0.6743233263408978
50,3,0.01,0.6,0.7,2.0,5.0,0.6759259259259259,0.032051991700564025,-0.12534324569953037,0.6743233263408978
50,3,0.01,0.6,0.7,2.0,10.0,0.6759259259259259,0.032051991700564025,-0.12534324569953037,0.6743233263408978
50,3,0.01,0.7,0.6,2.0,2.0,0.6759259259259259,0.032051991700564025,-0.12534324569953037,0.6743233263408978
50,3,0.01,0.7,0.6,2.0,5.0,0.6759259259259259,0.032051991700564025,-0.12534324569953037,0.6743233263408978
50,3,0.01,0.7,0.6,2.0,10.0,0.6759259259259259,0.032051991700564025,-0.12534324569953037,0.6743233263408978
50,3,0.01,0.7,0.7,2.0,2.0,0.6759259259259259,0.032051991700564025,-0.12534324569953037,0.6743233263408978
50,3,0.01,0.7,0.7,2.0,5.0,0.6759259259259259,0.032051991700564025,-0.12534324569953037,0.6743233263408978
50,3,0.01,0.7,0.7,2.0,10.0,0.6759259259259259,0.032051991700564025,-0.12534324569953037,0.6743233263408978
50,3,0.03,0.6,0.6,1.0,2.0,0.6759259259259259,0.032051991700564025,-0.12534324569953037,0.6743233263408978
50,3,0.03,0.6,0.6,1.0,5.0,0.6759259259259259,0.032051991700564025,-0.12534324569953037,0.6743233263408978
50,3,0.03,0.6,0.6,1.0,10.0,0.6759259259259259,0.032051991700564025,-0.12534324569953037,0.6743233263408978
50,3,0.03,0.6,0.6,2.0,2.0,0.6759259259259259,0.032051991700564025,-0.12534324569953037,0.6743233263408978
50,3,0.03,0.6,0.6,2.0,5.0,0.6759259259259259,0.032051991700564025,-0.12534324569953037,0.6743233263408978
50,3,0.03,0.6,0.6,2.0,10.0,0.6759259259259259,0.032051991700564025,-0.12534324569953037,0.6743233263408978
50,3,0.03,0.6,0.7,1.0,2.0,0.6759259259259259,0.032051991700564025,-0.12534324569953037,0.6743233263408978
50,3,0.03,0.6,0.7,1.0,5.0,0.6759259259259259,0.032051991700564025,-0.12534324569953037,0.6743233263408978
50,3,0.03,0.6,0.7,1.0,10.0,0.6759259259259259,0.032051991700564025,-0.12534324569953037,0.6743233263408978
50,3,0.03,0.6,0.7,2.0,2.0,0.6759259259259259,0.032051991700564025,-0.12534324569953037,0.6743233263408978
50,3,0.03,0.6,0.7,2.0,5.0,0.6759259259259259,0.032051991700564025,-0.12534324569953037,0.6743233263408978
50,3,0.03,0.6,0.7,2.0,10.0,0.6759259259259259,0.032051991700564025,-0.12534324569953037,0.6743233263408978
50,3,0.03,0.7,0.6,2.0,2.0,0.6759259259259259,0.032051991700564025,-0.12534324569953037,0.6743233263408978
50,3,0.03,0.7,0.6,2.0,5.0,0.6759259259259259,0.032051991700564025,-0.12534324569953037,0.6743233263408978
50,3,0.03,0.7,0.6,2.0,10.0,0.6759259259259259,0.032051991700564025,-0.12534324569953037,0.6743233263408978
50,3,0.03,0.7,0.7,2.0,2.0,0.6759259259259259,0.032051991700564025,-0.12534324569953037,0.6743233263408978
50,3,0.03,0.7,0.7,2.0,5.0,0.6759259259259259,0.032051991700564025,-0.12534324569953037,0.6743233263408978
50,3,0.03,0.7,0.7,2.0,10.0,0.6759259259259259,0.032051991700564025,-0.12534324569953037,0.6743233263408978
100,2,0.01,0.6,0.6,1.0,2.0,0.6759259259259259,0.032051991700564025,-0.12534324569953037,0.6743233263408978
100,2,0.01,0.6,0.6,1.0,5.0,0.6759259259259259,0.032051991700564025,-0.12534324569953037,0.6743233263408978
100,2,0.01,0.6,0.6,1.0,10.0,0.6759259259259259,0.032051991700564025,-0.12534324569953037,0.6743233263408978
100,2,0.01,0.6,0.6,2.0,2.0,0.6759259259259259,0.032051991700564025,-0.12534324569953037,0.6743233263408978
100,2,0.01,0.6,0.6,2.0,5.0,0.6759259259259259,0.032051991700564025,-0.12534324569953037,0.6743233263408978
100,2,0.01,0.6,0.6,2.0,10.0,0.6759259259259259,0.032051991700564025,-0.12534324569953037,0.6743233263408978
100,2,0.01,0.6,0.7,1.0,2.0,0.6759259259259259,0.032051991700564025,-0.12534324569953037,0.6743233263408978
100,2,0.01,0.6,0.7,1.0,5.0,0.6759259259259259,0.032051991700564025,-0.12534324569953037,0.6743233263408978
100,2,0.01,0.6,0.7,1.0,10.0,0.6759259259259259,0.032051991700564025,-0.12534324569953037,0.6743233263408978
100,2,0.01,0.6,0.7,2.0,2.0,0.6759259259259259,0.032051991700564025,-0.12534324569953037,0.6743233263408978
100,2,0.01,0.6,0.7,2.0,5.0,0.6759259259259259,0.032051991700564025,-0.12534324569953037,0.6743233263408978
100,2,0.01,0.6,0.7,2.0,10.0,0.6759259259259259,0.032051991700564025,-0.12534324569953037,0.6743233263408978
100,2,0.01,0.7,0.6,2.0,2.0,0.6759259259259259,0.032051991700564025,-0.12534324569953037,0.6743233263408978
100,2,0.01,0.7,0.6,2.0,5.0,0.6759259259259259,0.032051991700564025,-0.12534324569953037,0.6743233263408978
100,2,0.01,0.7,0.6,2.0,10.0,0.6759259259259259,0.032051991700564025,-0.12534324569953037,0.6743233263408978
100,2,0.01,0.7,0.7,2.0,2.0,0.6759259259259259,0.032051991700564025,-0.12534324569953037,0.6743233263408978
100,2,0.01,0.7,0.7,2.0,5.0,0.6759259259259259,0.032051991700564025,-0.12534324569953037,0.6743233263408978
100,2,0.01,0.7,0.7,2.0,10.0,0.6759259259259259,0.032051991700564025,-0.12534324569953037,0.6743233263408978
100,2,0.03,0.6,0.6,1.0,2.0,0.6759259259259259,0.032051991700564025,-0.12534324569953037,0.6743233263408978
100,2,0.03,0.6,0.6,1.0,5.0,0.6759259259259259,0.032051991700564025,-0.12534324569953037,0.6743233263408978
100,2,0.03,0.6,0.6,1.0,10.0,0.6759259259259259,0.032051991700564025,-0.12534324569953037,0.6743233263408978
100,2,0.03,0.6,0.6,2.0,2.0,0.6759259259259259,0.032051991700564025,-0.12534324569953037,0.6743233263408978
100,2,0.03,0.6,0.6,2.0,5.0,0.6759259259259259,0.032051991700564025,-0.12534324569953037,0.6743233263408978
100,2,0.03,0.6,0.6,2.0,10.0,0.6759259259259259,0.032051991700564025,-0.12534324569953037,0.6743233263408978
100,2,0.03,0.6,0.7,1.0,2.0,0.6759259259259259,0.032051991700564025,-0.12534324569953037,0.6743233263408978
100,2,0.03,0.6,0.7,1.0,5.0,0.6759259259259259,0.032051991700564025,-0.12534324569953037,0.6743233263408978
100,2,0.03,0.6,0.7,1.0,10.0,0.6759259259259259,0.032051991700564025,-0.12534324569953037,0.6743233263408978
100,2,0.03,0.6,0.7,2.0,2.0,0.6759259259259259,0.032051991700564025,-0.12534324569953037,0.6743233263408978
100,2,0.03,0.6,0.7,2.0,5.0,0.6759259259259259,0.032051991700564025,-0.12534324569953037,0.6743233263408978
100,2,0.03,0.6,0.7,2.0,10.0,0.6759259259259259,0.032051991700564025,-0.12534324569953037,0.6743233263408978
100,2,0.03,0.7,0.6,2.0,2.0,0.6759259259259259,0.032051991700564025,-0.12534324569953037,0.6743233263408978
100,2,0.03,0.7,0.6,2.0,5.0,0.6759259259259259,0.032051991700564025,-0.12534324569953037,0.6743233263408978
100,2,0.03,0.7,0.6,2.0,10.0,0.6759259259259259,0.032051991700564025,-0.12534324569953037,0.6743233263408978
100,2,0.03,0.7,0.7,2.0,2.0,0.6759259259259259,0.032051991700564025,-0.12534324569953037,0.6743233263408978
100,2,0.03,0.7,0.7,2.0,5.0,0.6759259259259259,0.032051991700564025,-0.12534324569953037,0.6743233263408978
100,2,0.03,0.7,0.7,2.0,10.0,0.6759259259259259,0.032051991700564025,-0.12534324569953037,0.6743233263408978
100,3,0.01,0.6,0.6,1.0,2.0,0.6759259259259259,0.032051991700564025,-0.12534324569953037,0.6743233263408978
100,3,0.01,0.6,0.6,1.0,5.0,0.6759259259259259,0.032051991700564025,-0.12534324569953037,0.6743233263408978
100,3,0.01,0.6,0.6,1.0,10.0,0.6759259259259259,0.032051991700564025,-0.12534324569953037,0.6743233263408978
100,3,0.01,0.6,0.6,2.0,2.0,0.6759259259259259,0.032051991700564025,-0.12534324569953037,0.6743233263408978
100,3,0.01,0.6,0.6,2.0,5.0,0.6759259259259259,0.032051991700564025,-0.12534324569953037,0.6743233263408978
100,3,0.01,0.6,0.6,2.0,10.0,0.6759259259259259,0.032051991700564025,-0.12534324569953037,0.6743233263408978
100,3,0.01,0.6,0.7,1.0,2.0,0.6759259259259259,0.032051991700564025,-0.12534324569953037,0.6743233263408978
100,3,0.01,0.6,0.7,1.0,5.0,0.6759259259259259,0.032051991700564025,-0.12534324569953037,0.6743233263408978
100,3,0.01,0.6,0.7,1.0,10.0,0.6759259259259259,0.032051991700564025,-0.12534324569953037,0.6743233263408978
100,3,0.01,0.6,0.7,2.0,2.0,0.6759259259259259,0.032051991700564025,-0.12534324569953037,0.6743233263408978
100,3,0.01,0.6,0.7,2.0,5.0,0.6759259259259259,0.032051991700564025,-0.12534324569953037,0.6743233263408978
100,3,0.01,0.6,0.7,2.0,10.0,0.6759259259259259,0.032051991700564025,-0.12534324569953037,0.6743233263408978
100,3,0.01,0.7,0.6,2.0,2.0,0.6759259259259259,0.032051991700564025,-0.12534324569953037,0.6743233263408978
100,3,0.01,0.7,0.6,2.0,5.0,0.6759259259259259,0.032051991700564025,-0.12534324569953037,0.6743233263408978
100,3,0.01,0.7,0.6,2.0,10.0,0.6759259259259259,0.032051991700564025,-0.12534324569953037,0.6743233263408978
100,3,0.01,0.7,0.7,2.0,2.0,0.6759259259259259,0.032051991700564025,-0.12534324569953037,0.6743233263408978
100,3,0.01,0.7,0.7,2.0,5.0,0.6759259259259259,0.032051991700564025,-0.12534324569953037,0.6743233263408978
100,3,0.01,0.7,0.7,2.0,10.0,0.6759259259259259,0.032051991700564025,-0.12534324569953037,0.6743233263408978
100,3,0.03,0.6,0.6,1.0,2.0,0.6759259259259259,0.032051991700564025,-0.12534324569953037,0.6743233263408978
100,3,0.03,0.6,0.6,1.0,5.0,0.6759259259259259,0.032051991700564025,-0.12534324569953037,0.6743233263408978
100,3,0.03,0.6,0.6,1.0,10.0,0.6759259259259259,0.032051991700564025,-0.12534324569953037,0.6743233263408978
100,3,0.03,0.6,0.6,2.0,2.0,0.6759259259259259,0.032051991700564025,-0.12534324569953037,0.6743233263408978
100,3,0.03,0.6,0.6,2.0,5.0,0.6759259259259259,0.032051991700564025,-0.12534324569953037,0.6743233263408978
100,3,0.03,0.6,0.6,2.0,10.0,0.6759259259259259,0.032051991700564025,-0.12534324569953037,0.6743233263408978
100,3,0.03,0.6,0.7,1.0,2.0,0.6759259259259259,0.032051991700564025,-0.12534324569953037,0.6743233263408978
100,3,0.03,0.6,0.7,1.0,5.0,0.6759259259259259,0.032051991700564025,-0.12534324569953037,0.6743233263408978
100,3,0.03,0.6,0.7,1.0,10.0,0.6759259259259259,0.032051991700564025,-0.12534324569953037,0.6743233263408978
100,3,0.03,0.6,0.7,2.0,2.0,0.6759259259259259,0.032051991700564025,-0.12534324569953037,0.6743233263408978
100,3,0.03,0.6,0.7,2.0,5.0,0.6759259259259259,0.032051991700564025,-0.12534324569953037,0.6743233263408978
100,3,0.03,0.6,0.7,2.0,10.0,0.6759259259259259,0.032051991700564025,-0.12534324569953037,0.6743233263408978
100,3,0.03,0.7,0.6,2.0,2.0,0.6759259259259259,0.032051991700564025,-0.12534324569953037,0.6743233263408978
100,3,0.03,0.7,0.6,2.0,5.0,0.6759259259259259,0.032051991700564025,-0.12534324569953037,0.6743233263408978
100,3,0.03,0.7,0.6,2.0,10.0,0.6759259259259259,0.032051991700564025,-0.12534324569953037,0.6743233263408978
100,3,0.03,0.7,0.7,2.0,2.0,0.6759259259259259,0.032051991700564025,-0.12534324569953037,0.6743233263408978
100,3,0.03,0.7,0.7,2.0,5.0,0.6759259259259259,0.032051991700564025,-0.12534324569953037,0.6743233263408978
100,3,0.03,0.7,0.7,2.0,10.0,0.6759259259259259,0.032051991700564025,-0.12534324569953037,0.6743233263408978
100,3,0.01,0.7,0.6,0.5,2.0,0.6759259259259259,0.03211196542166892,-0.12566646891759964,0.6743203276548425
50,2,0.01,0.6,0.7,0.5,10.0,0.6759259259259259,0.032069928802686186,-0.1263529602251219,0.6743224294857916
100,2,0.01,0.6,0.7,0.5,2.0,0.6759259259259259,0.03209560743118431,-0.12658998549860193,0.6743211455543667
50,2,0.03,0.7,0.7,0.5,2.0,0.6759259259259259,0.032101919208813855,-0.12659165136553166,0.6743208299654853
100,2,0.01,0.6,0.7,0.5,5.0,0.6759259259259259,0.03209430685108644,-0.12668264441213323,0.6743212105833716
50,2,0.01,0.6,0.6,0.5,10.0,0.6759259259259259,0.03207470609325444,-0.12673200396180462,0.6743221906212632
50,2,0.03,0.7,0.6,0.5,2.0,0.6759259259259259,0.03213317735278717,-0.12682167053641002,0.6743192670582866
50,3,0.01,0.6,0.6,0.5,10.0,0.6759259259259259,0.032084986035934855,-0.12683637029177666,0.6743216766241292
100,2,0.01,0.6,0.6,0.5,5.0,0.6759259259259259,0.03209018011054475,-0.1268735726903798,0.6743214169203987
100,3,0.01,0.6,0.6,0.5,5.0,0.6759259259259259,0.03210829131517852,-0.12694087221400713,0.674320511360167
100,2,0.03,0.7,0.7,0.5,5.0,0.6759259259259259,0.03215248758461701,-0.1272237272784429,0.674318301546695
50,3,0.01,0.7,0.6,0.5,10.0,0.6759259259259259,0.03208746715968479,-0.12737331678328642,0.6743215525679417
50,3,0.01,0.7,0.6,0.5,5.0,0.6759259259259259,0.03209860482347441,-0.12753334632718194,0.6743209956847522
100,2,0.01,0.6,0.6,0.5,2.0,0.6759259259259259,0.032104229350542496,-0.1276239761866006,0.6743207144583988
100,3,0.01,0.7,0.7,0.5,10.0,0.6759259259259259,0.03210622724301343,-0.12762563867791943,0.6743206145637752
100,3,0.01,0.7,0.7,0.5,5.0,0.6759259259259259,0.032118570643814126,-0.12783404453303293,0.6743199973937353
50,3,0.01,0.7,0.7,0.5,5.0,0.6759259259259259,0.03209672978005271,-0.127913982346762,0.6743210894369233
100,3,0.01,0.6,0.7,0.5,10.0,0.6759259259259259,0.03210938330609106,-0.12801789792622645,0.6743204567606214
50,2,0.03,0.6,0.6,0.5,5.0,0.6759259259259259,0.03212200941813329,-0.12818514519776064,0.6743198254550192
100,3,0.01,0.6,0.6,0.5,2.0,0.6759259259259259,0.03212828884850695,-0.12833519031358132,0.6743195114835006
50,2,0.03,0.6,0.7,0.5,10.0,0.6759259259259259,0.03210824831562323,-0.1283974340036977,0.6743205135101448
50,2,0.01,0.6,0.7,0.5,5.0,0.6759259259259259,0.0320942802392726,-0.12843643671177155,0.6743212119139623
50,3,0.01,0.7,0.7,0.5,10.0,0.6759259259259259,0.0320954849360576,-0.1284385254225509,0.6743211516791231
50,2,0.01,0.6,0.6,0.5,5.0,0.6759259259259259,0.032093827913522215,-0.12851746654197185,0.6743212345302498
50,2,0.01,0.6,0.7,0.5,2.0,0.6759259259259259,0.03209784311469815,-0.1285829678570337,0.674321033770191
50,3,0.01,0.7,0.7,0.5,2.0,0.6759259259259259,0.03210556922018977,-0.12860517350496545,0.6743206474649165
50,3,0.01,0.7,0.6,0.5,2.0,0.6759259259259259,0.032113139181949815,-0.12880491725566576,0.6743202689668284
50,3,0.03,0.6,0.6,0.5,10.0,0.6759259259259259,0.03216559053666849,-0.12890494802648358,0.6743176463990925
50,2,0.01,0.6,0.6,0.5,2.0,0.6759259259259259,0.03210373182281617,-0.1291016441170576,0.6743207393347851
100,3,0.01,0.7,0.7,0.5,2.0,0.6759259259259259,0.032138387595975294,-0.1293051272105079,0.6743190065461272
50,3,0.01,0.6,0.6,0.5,2.0,0.6759259259259259,0.032123395835010435,-0.12944146396947748,0.6743197561341754
50,3,0.01,0.6,0.6,0.5,5.0,0.6759259259259259,0.032113435246140326,-0.12945881189337727,0.674320254163619
100,3,0.03,0.6,0.6,0.5,10.0,0.6759259259259259,0.032200899598151936,-0.12951257567553237,0.6743158809460184
100,2,0.03,0.6,0.6,0.5,10.0,0.6759259259259259,0.032159739712079305,-0.12961907653507512,0.674317938940322
100,3,0.01,0.6,0.7,0.5,5.0,0.6759259259259259,0.03213476189236403,-0.12970557484785078,0.6743191878313077
50,3,0.01,0.6,0.7,0.5,10.0,0.6759259259259259,0.03211031892521638,-0.12993654485740708,0.6743204099796651
100,3,0.01,0.6,0.7,0.5,2.0,0.6759259259259259,0.032149007071653975,-0.13111884771945248,0.6743184755723433
100,2,0.03,0.6,0.7,0.5,10.0,0.6759259259259259,0.032182109676463184,-0.13180750622843912,0.6743168204421027
50,3,0.01,0.6,0.7,0.5,5.0,0.6759259259259259,0.0321316546907864,-0.1318227069955703,0.6743193431913866
50,2,0.03,0.6,0.7,0.5,5.0,0.6759259259259259,0.032149960408866696,-0.1321232781764307,0.6743184279054826
50,3,0.03,0.7,0.6,0.5,10.0,0.6759259259259259,0.03215741279917173,-0.1322408944313206,0.6743180552859673
50,2,0.03,0.6,0.6,0.5,2.0,0.6759259259259259,0.0321718660279004,-0.1323030199831774,0.6743173326245309
50,3,0.03,0.6,0.6,0.5,5.0,0.6759259259259259,0.032211733972131576,-0.1333161167965093,0.6743153392273193
50,3,0.01,0.6,0.7,0.5,2.0,0.6759259259259259,0.032147057820156935,-0.13350462228948726,0.674318573034918
50,3,0.03,0.7,0.6,0.5,5.0,0.6759259259259259,0.032164625107407425,-0.13354632690179383,0.6743176946705556
50,3,0.03,0.7,0.6,0.5,2.0,0.6759259259259259,0.03217714508224928,-0.13383743805731385,0.6743170686718135
100,3,0.03,0.6,0.6,0.5,5.0,0.6759259259259259,0.03224541639531634,-0.13427473142891286,0.6743136551061601
100,2,0.03,0.6,0.6,0.5,5.0,0.6759259259259259,0.03220453595066847,-0.134363245156292,0.6743156991283925
100,2,0.03,0.6,0.7,0.5,5.0,0.6759259259259259,0.032219048247934166,-0.13490459291100487,0.6743149735135292
50,3,0.03,0.6,0.6,0.5,2.0,0.6759259259259259,0.032247188881362826,-0.13607373372185272,0.6743135664818578
50,3,0.03,0.6,0.7,0.5,10.0,0.6759259259259259,0.03220852530377678,-0.13723177578275722,0.6743154996607371
100,2,0.03,0.6,0.6,0.5,2.0,0.6759259259259259,0.03223583458688212,-0.13730917671361118,0.6743141341965818
50,3,0.03,0.7,0.7,0.5,10.0,0.6759259259259259,0.03217669328420458,-0.1380789903881326,0.6743170912617157
50,3,0.03,0.7,0.7,0.5,5.0,0.6759259259259259,0.03218396243950492,-0.1388671567182749,0.6743167278039507
50,3,0.03,0.6,0.7,0.5,5.0,0.6759259259259259,0.032248094810693295,-0.1398759729711278,0.6743135211853912
50,3,0.03,0.7,0.7,0.5,2.0,0.6759259259259259,0.03221834409819371,-0.140752305720279,0.6743150087210162
50,2,0.03,0.6,0.7,0.5,2.0,0.6759259259259259,0.032250958281993286,-0.1420515791737641,0.6743133780118262
50,3,0.03,0.6,0.7,0.5,2.0,0.6759259259259259,0.032311959978676884,-0.14551109589909456,0.6743103279269921
100,3,0.03,0.6,0.7,0.5,10.0,0.6759259259259259,0.03232855123325861,-0.14637275065867283,0.674309498364263
100,2,0.03,0.7,0.6,0.5,2.0,0.6666666666666666,0.032196139528490424,-0.12784653562349535,0.6650568596902421
100,3,0.03,0.6,0.6,0.5,2.0,0.6666666666666666,0.03226752466556565,-0.1358625570624424,0.6650532904333883
100,2,0.03,0.6,0.7,0.5,2.0,0.6666666666666666,0.03231315046538214,-0.14470276549199945,0.6650510091433975
100,3,0.03,0.6,0.7,0.5,5.0,0.6666666666666666,0.032371497814714205,-0.149875873065468,0.6650480917759309
100,3,0.03,0.6,0.7,0.5,2.0,0.6666666666666666,0.03242806276825264,-0.15564655475703207,0.665045263528254
100,3,0.03,0.7,0.7,0.5,2.0,0.6666666666666666,0.03240809692603502,-0.1572261079993157,0.6650462618203649
