date,spx_return,ndx_return,gold_return,eurusd_return,gbpusd_return,spx_vol_3m,ndx_vol_3m,vix_level,us2y_yield,us10y_yield,yield_spread,us_cpi_yoy,high_yield_spread,vix_spike,spx_drawdown,ndx_drawdown,ecb_level,ecb_yoy,dxy_return,qqq_return,btc_return
2010-08-01,-0.048611803170382606,-0.053198202219462275,0.054731416915905995,-0.02805483758761765,-0.022164427725312734,0.06850901183046251,0.07376419942088676,26.05,0.47,2.47,2.0,0.011501775395112546,6.92,0,-0.3227420000258169,-0.598114074181871,2009.0,0.0004980079681276006,0.020153602528319915,-0.05266137984433678,-0.07314002434732501
2010-09-01,0.0839284750952826,0.12264018600204658,0.048343170196408054,0.07146983490622799,0.023247126936258848,0.07202370947568465,0.09016173041282381,23.7,0.42,2.53,2.11,0.011183122472331775,6.26,0,-0.26344731440963487,-0.5456769686937224,2009.0,0.0004980079681276006,-0.055350042896483494,0.12374596784757651,-0.04824390736129883
2010-10-01,0.036193000710687595,0.06134624530039417,0.037942695685652304,0.02306622900009883,0.020725804087711117,0.06712855284051275,0.0892529330953188,21.2,0.34,2.63,2.29,0.011666951489314625,5.93,0,-0.23630097200170397,-0.5169333127171521,2009.0,0.0004980079681276006,-0.018591529749609124,0.061451670390306,1.0281877446510228
2010-11-01,-0.002292909487060143,-0.003357084378197126,0.020213008577878663,-0.07170597888796162,-0.03051255825025653,0.04319330186839869,0.06300632267413885,23.54,0.45,2.81,2.36,0.01084544776600338,6.22,0,-0.23805005873317078,-0.5185522893056592,2009.0,0.0004980079681276006,0.049609471083119104,-0.0017265323367950146,0.2837749695869723
2010-12-01,0.06325651722192606,0.046386906039985173,0.024045185737544543,0.03072263476759299,0.0033369728712915416,0.032940164317491236,0.033874196879356736,17.75,0.61,3.3,2.69,0.01437793022217937,5.41,0,-0.1882946727077928,-0.4956933403670893,2010.0,0.0004977600796416404,-0.027087697813596094,0.04647390322804003,0.26613804288706516
2011-01-01,0.02239298525651701,0.028470044565457715,-0.06361207936970416,0.02252929797316839,0.025490770154051087,0.033105762302696226,0.025194062278698002,19.53,0.58,3.42,2.84,0.017007834915029774,5.08,0,-0.1699131265409391,-0.4811293726010951,2010.0,0.0004977600796416404,-0.0164576138259017,0.027885444965542544,0.4697952742079989
2011-02-01,0.031456595040144836,0.029823704466117533,0.05681702023795042,0.008581870851595126,0.015738598614256433,0.021460088217297814,0.009976522161224844,18.35,0.69,3.42,2.73,0.02124898173333145,4.78,0,-0.14338638681278967,-0.46542166154293935,2010.0,0.0004977600796416404,-0.010994076838803634,0.03111805979874739,0.6176437138619857
2011-03-01,-0.0010478506829378123,-0.005117303778176649,0.014823007103931881,0.026088746884850113,-0.0139290951098792,0.016773793069423996,0.019794007599148778,17.74,0.8,3.47,2.67,0.02619241510354109,4.77,0,-0.14428351985955684,-0.46815027377076024,2010.0,0.0004977600796416404,-0.013486276799590195,-0.004492782213138981,-0.11956833622265031
2011-04-01,0.02809691636712916,0.027448081727916993,0.08782284933285013,0.043758274883131984,0.04067984864093705,0.017875699888178803,0.019523583916562785,14.75,0.61,3.32,2.71,0.030772344447868694,4.76,0,-0.11989957273231885,-0.45334982627835485,2010.0,0.0004977600796416404,-0.039389463125871216,0.02832552959595038,1.0293661243733199
2011-05-01,-0.013592893899637262,-0.013206182777184982,-0.017993270255223057,-0.028286651207057104,-0.015441527638357981,0.02138861003661571,0.021520159227538714,15.45,0.45,3.05,2.5999999999999996,0.034589718808965,5.09,0,-0.13178174495604697,-0.4605215287504775,2010.0,0.0004977600796416404,0.023176467181172212,-0.01226165288961015,1.3814877495894429
2011-06-01,-0.01842623330189754,-0.020210965099317493,-0.023036619486589676,0.006715848968691684,-0.02517598269255046,0.025579304476415706,0.02573331479590745,16.52,0.45,3.18,2.73,0.03502318150636041,5.42,0,-0.14763324684712595,-0.47131546395503243,2010.0,0.0004977600796416404,-0.004565555564647598,-0.02046277637055327,0.6493021553743552
2011-07-01,-0.021708367435427242,0.016101442595810346,0.07955047569928456,-0.0064380133066974645,0.023716039614329974,0.004082370327763591,0.0192639336282482,25.25,0.36,2.82,2.46,0.035798809769996165,5.58,0,-0.16593734267900717,-0.46273397849853565,2010.0,0.0004977600796416404,-0.005398144195125457,0.016514509337160546,-0.2221052066388516
2011-08-01,-0.05846749161912042,-0.052924931606336184,0.11635076722359682,-0.001389950880529477,-0.010464251162991465,0.022231014307528506,0.03452881620891482,31.62,0.2,2.23,2.03,0.0375499603070808,7.3,1,-0.21330467670939343,-0.49042939261091806,2010.0,0.0004977600796416404,0.0031074230156999567,-0.052019014313747704,-0.4281860741224073
2011-09-01,-0.0744671275427831,-0.046504079070070294,-0.11697871459515512,-0.07133533453036132,-0.04208899597470215,0.027051519761704865,0.03813423445725227,42.96,0.25,1.92,1.67,0.03812621692818685,8.41,1,-0.2697595167099098,-0.513583941207502,2010.0,0.0004977600796416404,0.05791513193503541,-0.04594798640870097,-0.6094475804851176
2011-10-01,0.10230659165059017,0.09827293873568609,0.05160054535890125,0.03334621539035541,0.030207668087949505,0.09776949251373795,0.08550088520787721,29.96,0.25,2.17,1.92,0.035222681306640524,7.07,0,-0.19109579315597217,-0.46335473778036496,2010.0,0.0004977600796416404,-0.030767743207135913,0.09895775314609816,-0.3795250307029776
2011-11-01,-0.005071483436680982,-0.02787553108305098,0.022850472125907476,-0.02954435461059438,-0.022983727451138202,0.08906435335176284,0.07876213570242327,27.8,0.25,2.08,1.83,0.03451432214581729,7.79,0,-0.19518775252036302,-0.47810743455878346,2010.0,0.0004977600796416404,0.02872870006889804,-0.027288913791597924,-0.1731163486024547
2011-12-01,0.008496553494146353,-0.007596750310422261,-0.11147416307098311,-0.03636764417087483,-0.009665003068203788,0.058472879603164996,0.06774099749038325,23.4,0.25,1.89,1.64,0.03062066838419386,7.23,0,-0.18832048948611715,-0.48205710075855424,2011.0,0.0004975124378110429,0.022452996800669534,-0.006160359336119627,0.41528270653207305
2012-01-01,0.04265999901113749,0.08016461114403595,0.10452747982715366,0.009980888997679915,0.01386028000704754,0.024595145362500268,0.05742525264262144,19.44,0.22,1.83,1.61,0.030087663379855023,6.61,0,-0.15294504898733688,-0.438826787695778,2011.0,0.0004975124378110429,-0.011163482590843588,0.08082748222554341,0.2760629832168505
2012-02-01,0.039787331386417914,0.06096897792456243,-0.024331902166785338,0.017718340409624736,0.009846699516843582,0.018949520706243013,0.046137092791357914,18.43,0.3,1.98,1.68,0.028981784423473878,5.98,0,-0.1185635544540397,-0.4035481054335765,2011.0,0.0004975124378110429,-0.006961554789435097,0.06213001988856686,-0.12033615093035002
2012-03-01,0.030851535762571346,0.049158616989405754,-0.01616683297529374,0.0013500339558904463,0.005699448616459596,0.006158198695045989,0.01564890109896974,15.5,0.33,2.23,1.9,0.025828752813320977,5.99,0,-0.09094605584169156,-0.3734947155876521,2011.0,0.0004975124378110429,0.002537067751789651,0.049295002299286766,-0.012318786677318757
2012-04-01,-0.007525744796048625,-0.011531534348476638,-0.0027491178725576808,-0.007523357784669298,0.01395414747465011,0.025136929288578788,0.03889966446874716,17.15,0.27,1.95,1.68,0.022731633741348567,6.04,0,-0.09776168531928901,-0.38067778727739077,2011.0,0.0004975124378110429,-0.001775290709282949,-0.011764037249485071,0.019768372928132785
2012-05-01,-0.06469925017046924,-0.07579433083072074,-0.06519189717069188,-0.06892814447310971,-0.052795217487919,0.048082529870171614,0.062484985730003544,24.06,0.27,1.59,1.32,0.01737942937466075,6.96,0,-0.15428752146019709,-0.425884070361814,2011.0,0.0004975124378110429,0.05253633356527655,-0.07300204278221989,0.04594708200442656
2012-06-01,0.038792661243837456,0.03534981797389718,0.024243419526059688,0.024297870549166243,0.019227033476326292,0.051840750031645566,0.05579813321368938,17.08,0.33,1.67,1.3399999999999999,0.01653870448297634,6.44,0,-0.12083543094657219,-0.4052262019536864,2011.0,0.0004975124378110429,-0.016880592338195766,0.035573886133180806,0.2518833457199421
2012-07-01,0.012518948972710817,0.010197397356037441,0.010669574875380233,-0.029326675047433078,-0.0018487239511449731,0.05379518869999507,0.0582812768577038,18.93,0.23,1.51,1.28,0.014175114798464783,6.16,0,-0.10976003304547637,-0.3991300274680297,2011.0,0.0004975124378110429,0.012051979321196185,0.009925627562980212,0.32009142004734886
2012-08-01,0.019570602004381984,0.047918866083060084,0.04691560324743217,0.022115010079766274,0.012176710575255285,0.013598537472771092,0.01920735291597016,17.47,0.22,1.57,1.35,0.016859349154821235,5.98,0,-0.09216589861751164,-0.36963600312880873,2011.0,0.0004975124378110429,-0.01696299621586872,0.050552502379569576,0.16935962446688224
2012-09-01,0.02394705705020073,0.009674431949291339,0.046004773861012656,0.022414528108450713,0.01780573702943513,0.0057660041547842305,0.021931026112004,15.73,0.23,1.65,1.42,0.019497168982819613,5.74,0,-0.07016354929068404,-0.3635079948338275,2011.0,0.0004975124378110429,-0.016254437386186375,0.008844764334808115,0.132916468513464
2012-10-01,-0.019987836058499683,-0.05555566347766554,-0.029529840063916298,0.007669996927178789,-0.0011772361098124266,0.024201577817764428,0.05232045546347908,18.6,0.3,1.72,1.42,0.021556780595369363,5.63,0,-0.08856445804128105,-0.3979044258090335,2011.0,0.0004975124378110429,-0.0002502723944573103,-0.0542375273890088,-0.12266943677899368
2012-11-01,0.0028426587376603443,0.011251010567606457,-0.003092506781606595,0.0021586624680378854,-0.007654765572556998,0.021973097009922435,0.03812388281760022,15.87,0.25,1.62,1.37,0.017960197033926262,5.65,0,-0.08596987181969565,-0.3910919906135739,2011.0,0.0004975124378110429,0.002873786664149114,0.013002620467973703,0.13405935756155166
2012-12-01,0.007043447111457518,-0.006349750956121645,-0.02241452810845081,0.016194685919980606,0.014697483259490976,0.014546296123144918,0.03462691710765877,18.02,0.25,1.78,1.53,0.017595049796895523,5.34,0,-0.07950922304405636,-0.39494615538537103,2012.0,0.0004972650422674363,-0.004752446252972545,-0.004681054449916971,0.0772584831371316
2013-01-01,0.049197760692578335,0.026186206020201323,-0.007796960254802721,0.02905031973441784,-0.024049504973844206,0.025636654272440117,0.01628616675682836,14.28,0.27,2.02,1.75,0.01684061762098299,4.95,0,-0.03309065561708568,-0.3788928201116912,2012.0,0.0004972650422674363,-0.007044909922420711,0.026365353349576508,0.38163952969609477
2013-02-01,0.010999881888155871,0.002577646118086118,-0.05195861671833675,-0.039026414350551604,-0.04455208978094734,0.023279882140291135,0.016810963761472775,15.51,0.25,1.89,1.64,0.020181404902574807,4.98,0,-0.022396055196272083,-0.37728976042784645,2012.0,0.0004972650422674363,0.03437281410643371,0.0034340709471962784,0.45016991009565077
2013-03-01,0.03535536713008354,0.02883270012346306,0.011014624191232307,-0.019241021670871557,0.002173412782970977,0.019338560210393534,0.01445507922563006,12.7,0.25,1.87,1.62,0.015187472411246183,4.86,0,0.0,-0.3590739999636185,2012.0,0.0004972650422674363,0.012244736845145921,0.02979887998868324,1.0256495863480983
2013-04-01,0.01792416211692459,0.02409805839998311,-0.0784161436900231,0.026865334297997947,0.021671365153539433,0.01254978237704441,0.013993289093095242,13.52,0.22,1.7,1.48,0.01138808047576867,4.55,0,0.0,-0.34344132574172775,2012.0,0.0004972650422674363,-0.015298920268044521,0.025056821365317353,0.5026933190414482
2013-05-01,0.02055017475157647,0.03214343379499865,-0.06373364089284024,-0.01299613123883102,-0.022197819495785254,0.009398019045989851,0.00404363398731279,16.3,0.3,2.16,1.86,0.013903888279197085,4.62,0,0.0,-0.32199443363105523,2012.0,0.0004972650422674363,0.019987266910618678,0.035149944680765925,-0.10063774542570665
2013-06-01,-0.015112952997701294,-0.02449811551559802,-0.11660780165814605,0.0014609206396748698,0.0011183843802468178,0.01987546896015158,0.030644687665740463,16.86,0.36,2.52,2.16,0.017157935271568725,5.21,0,-0.014999325459607317,-0.33840248849435184,2012.0,0.0004972650422674363,-0.002521755647323992,-0.024244386380662668,-0.227753243703812
2013-07-01,0.04827775787697368,0.06021696300180009,0.07213405127413894,0.02136069966656348,-0.0007893179387634647,0.031778031646704584,0.043152892291322034,13.45,0.31,2.6,2.29,0.01885471805415806,4.71,0,0.0,-0.29733914830916996,2012.0,0.0004972650422674363,-0.020897386284602804,0.061226925440683186,0.03241557308712319
2013-08-01,-0.03179826168331884,-0.005314743204558109,0.05087881571311272,-0.006035021334469914,0.01948388615322664,0.04224719055698916,0.044420436024704475,17.01,0.39,2.78,2.3899999999999997,0.01538809488600279,4.76,0,-0.03129801332360461,-0.30106370400014554,2012.0,0.0004972650422674363,0.007826864169080721,-0.003966766094420128,0.1932396862425126
2013-09-01,0.029315544388002535,0.04590436255502849,-0.04787163465544266,0.02281581559799861,0.04337938243005368,0.04184620998677726,0.03445444297589916,16.6,0.33,2.64,2.31,0.010947341081747997,4.83,0,-0.0024796379016806154,-0.26823167736889025,2012.0,0.0004972650422674363,-0.023043286190417407,0.04719008451048386,0.10993931377041868
2013-10-01,0.043629977912082465,0.04838168919616417,-0.004200498621711896,0.004943017921716544,-0.008688691165809646,0.0400608279746763,0.030311826060312304,13.75,0.31,2.57,2.26,0.00876799143491147,4.36,0,0.0,-0.2319570516435341,2012.0,0.0004972650422674363,-0.00024939873822412865,0.048379941951068706,0.3517849586445407
2013-11-01,0.027663279564206007,0.03207301297145935,-0.05392784353287295,-0.0002944207293459327,0.020055591840331923,0.008780361062197609,0.008788404280564486,13.7,0.28,2.75,2.4699999999999998,0.012328701961954458,4.27,0,0.0,-0.20692430829680022,2012.0,0.0004972650422674363,0.005967240047931531,0.03489544711587148,1.756047625465694
2013-12-01,0.02328951485450324,0.02943225122941697,-0.04041397852887396,0.012727843534830759,0.011661939747842957,0.010706693477016012,0.010263428131281803,13.72,0.38,3.04,2.66,0.015128383667573297,4.0,0,0.0,-0.18323540647226824,2013.0,0.0004970178926442248,-0.007964195714651467,0.028850333092284814,-0.43917952805292515
2014-01-01,-0.03623139652694681,-0.019532507879709893,0.03318569684594198,-0.01996836279143211,-0.00745525773272529,0.03569406659891716,0.029062149035911956,18.41,0.34,2.67,2.33,0.01557758795574915,4.21,0,-0.035582895107013776,-0.19903407127135142,2013.0,0.0004970178926442248,0.015250382305269325,-0.01939965423575736,0.07088353470510012
2014-02-01,0.04221338215754876,0.048101567130236174,0.06140548010577498,0.023233849529051064,0.01850509391931037,0.040935793116051854,0.03492959369281356,14.0,0.33,2.66,2.33,0.011204746347724948,3.81,0,0.0,-0.1595646953959217,2013.0,0.0004970178926442248,-0.01850407228278041,0.050240643777243583,-0.34062185422401364
2014-03-01,0.006908240422563322,-0.02752839825345996,-0.030437866031029055,-0.0021758059062466635,-0.004849292587212288,0.039287539610590776,0.04154955681524362,13.88,0.44,2.73,2.29,0.016126949139408042,3.77,0,0.0,-0.18238498899459743,2013.0,0.0004970178926442248,0.004003003848245178,-0.02771592066558684,-0.22039912273234397
2014-04-01,0.006181651028472133,-0.0038229243411669425,0.005716165240510502,0.00672964658510413,0.012524018659713988,0.02059638565878764,0.0386824550494345,13.41,0.42,2.67,2.25,0.02015125303606169,3.71,0,0.0,-0.185504702308406,2013.0,0.0004970178926442248,-0.007644634313822071,-0.003199384653632851,-0.05125830585193574
2014-05-01,0.020812198017934665,0.04230809526856806,-0.0320350313128165,-0.017093189931592766,-0.006600291539486067,0.008245209459360373,0.03551327519649577,11.4,0.37,2.48,2.11,0.02166947687079812,3.67,0,0.0,-0.15030560456951594,2013.0,0.0004970178926442248,0.011009805688029143,0.043879652663380134,0.24521372671184594
2014-06-01,0.01887897875478642,0.02970309187811763,0.059382514555476676,0.004538142761390539,0.02054866822738776,0.007947875746802847,0.023843066232633846,11.57,0.47,2.53,2.0599999999999996,0.020589816945944195,3.53,0,0.0,-0.1246884834373238,2013.0,0.0004970178926442248,-0.007368175222452053,0.03075994836846718,0.048140587297106276
2014-07-01,-0.015194720363435775,0.011113550483478151,-0.034084498058868706,-0.022525970001016384,-0.013237434066571232,0.02025361070542406,0.015692656372143704,16.95,0.53,2.58,2.05,0.019742378703305974,4.04,0,-0.015079863077291922,-0.11490640860058578,2013.0,0.0004970178926442248,0.020839259804892082,0.011750474098403216,-0.05164420951754297
2014-08-01,0.03696366960697851,0.04767261790538239,0.003525693321439316,-0.018773876689394998,-0.016902483804687143,0.026484494391764094,0.018280409941003026,11.98,0.48,2.35,1.87,0.017150983482969062,3.84,0,0.0,-0.07168973859894862,2013.0,0.0004970178926442248,0.01571192327588622,0.04888053160564725,-0.10760044971185187
2014-09-01,-0.01563545834824645,-0.00814317320407708,-0.0633665643119947,-0.03950997029728546,-0.023648103467328457,0.03024169350396675,0.02835133552149068,16.31,0.58,2.52,1.94,0.016840509711232077,4.4,0,-0.015513859147336702,-0.07921843450421123,2013.0,0.0004970178926442248,0.03782539249794087,-0.007595048155525658,-0.2965714898650672
2014-10-01,0.0229363944395255,0.026503623783667534,-0.030456903432901136,-0.00850798278050423,-0.013661414655817288,0.027237292259434536,0.028177796787570864,14.03,0.5,2.35,1.85,0.016095417021513292,4.3,0,0.0,-0.05448811234606082,2013.0,0.0004970178926442248,0.01087841781699838,0.026076605823073362,-0.09083774876203903
2014-11-01,0.02423746941943873,0.042280308616664486,-0.00256333715783673,-0.006408737788401263,-0.022573751048324868,0.022654399838853746,0.02579351289489986,13.33,0.47,2.18,1.7100000000000002,0.01231524989320798,4.67,0,0.0,-0.013654430356720614,2013.0,0.0004970178926442248,0.01689156088735983,0.04446037110548467,0.0686593662272745
2014-12-01,-0.004197308450286825,-0.023679476178579982,0.01203322553834013,-0.027952763190798757,-0.0031385133849104714,0.016054424214301966,0.034443046023775334,19.2,0.67,2.17,1.5,0.006531213919623191,5.04,0,-0.00418851206252774,-0.03673621596056255,2014.0,0.0004967709885743687,0.021385756662892313,-0.02266109295820086,-0.17202505228501463
2015-01-01,-0.03153282180262603,-0.020955576237990745,0.08177084489929091,-0.06857973369962511,-0.034326371797302795,0.02788695114723747,0.03732043670357289,20.97,0.47,1.68,1.21,-0.002299309782054282,5.26,1,-0.03509934415446223,-0.05671193131173482,2014.0,0.0004967709885743687,0.04896429933014969,-0.02104305244569101,-0.2923471997222144
2015-02-01,0.053438871430552516,0.06807531654955558,-0.05790739067822374,-0.009694566077486215,0.024592209520544233,0.043376929683119535,0.05220610036195779,13.34,0.63,2.0,1.37,-0.0008703146293520536,4.46,0,0.0,0.0,2014.0,0.0004967709885743687,0.004735572554296681,0.0697182460266856,0.020226033179378617
2015-03-01,-0.017549145486384792,-0.024385892861996262,-0.023542288555986956,-0.04090019938352031,-0.04038482896517638,0.04556136960194491,0.052420323966529056,15.29,0.56,1.94,1.38,-0.00022031284423873476,4.82,0,-0.017396056070325554,-0.02409095924714074,2014.0,0.0004967709885743687,0.03212920954646379,-0.02387281107899815,0.041175824308119016
2015-04-01,0.008484665914449642,0.018418571102128092,0.0009459939553729775,0.04313204425941686,0.034472457520945445,0.03591178654109168,0.046272903787445814,14.55,0.58,2.05,1.4699999999999998,-0.0010403098939391064,4.59,0,-0.009023521026371956,-0.005949552657594478,2014.0,0.0004967709885743687,-0.03897676362523977,0.01904096150798743,-0.0846063769738964
2015-05-01,0.010436785331839957,0.02107110740447358,0.0048174193692320675,-0.021087561620096052,-0.003917476934781157,0.015624672956771628,0.025513385236371335,13.84,0.61,2.12,1.5100000000000002,0.0003503321824429584,4.58,0,0.0,0.0,2014.0,0.0004967709885743687,0.02412529060719022,0.022235304572671647,0.04933948810440804
2015-06-01,-0.021235661913586588,-0.025041145566261375,-0.015119352761816402,0.014780932196448878,0.027557382524118608,0.017749425206374132,0.02589119153872229,18.23,0.64,2.35,1.71,0.001795718097550525,5.0,0,-0.02101177285647163,-0.024730216824710206,2014.0,0.0004967709885743687,-0.014761242944361866,-0.02515448421285901,0.07033691588293448
2015-07-01,0.019549693281665254,0.04329748036387719,-0.06805442435005565,-0.0147809321964489,-0.006262768609768937,0.021407297058943727,0.034858091655039475,12.12,0.67,2.2,1.5300000000000002,0.0022568611104094582,5.36,0,-0.0016845481851957764,0.0,2014.0,0.0004967709885743687,0.019496675607484092,0.0445696801248377,0.11773335069823296
2015-08-01,-0.06462471645113466,-0.07147953445458777,0.03531577903626661,0.02073080100268381,-0.017377136979568535,0.04209391584289122,0.05773568348834884,28.43,0.74,2.21,1.47,0.002413037985344868,5.7,1,-0.06415993242826426,-0.06898466886357063,2014.0,0.0004967709885743687,-0.014690992550347795,-0.07068515849698652,-0.23387914507785465
2015-09-01,-0.0267987189877159,-0.02212104904299366,-0.01712087474535909,-0.003279233436302103,-0.014519073066490588,0.04215904936044841,0.05757546815922287,24.5,0.64,2.06,1.42,8.842961634170088e-05,6.62,0,-0.08890618252909993,-0.08935358318214191,2014.0,0.0004967709885743687,0.004160188375542639,-0.02232061547674928,0.04467622533585505
2015-10-01,0.07971934314092276,0.10605077213092334,0.023814445998644698,-0.015377217786048123,0.019822332434710002,0.07484663339485005,0.09163449639874577,15.07,0.75,2.16,1.4100000000000001,0.0012761656067050708,5.9,0,-0.013300812853814315,0.0,2014.0,0.0004967709885743687,0.006207971187472296,0.10768696933846317,0.28286663265332596
2015-11-01,0.000504835614613225,0.0033672162328819196,-0.07031823779927299,-0.03995024811257652,-0.023837045170836693,0.05532708778437351,0.0678498097045698,16.13,0.94,2.21,1.27,0.004363182169185187,6.4,0,-0.012802566207488894,0.0,2014.0,0.0004967709885743687,0.032673374133186946,0.006070181089871824,0.1694137399405108
2015-12-01,-0.017685671969978563,-0.01539060254543115,-0.0030101804379018904,0.026932816212469454,-0.021973301096985618,0.05179055534486275,0.06537555085869741,18.21,1.06,2.27,1.21,0.006387247515364791,6.95,0,-0.030108333056529556,-0.015272772488428534,2015.0,0.0004965243296921606,-0.015493277225628155,-0.01607638996434098,0.13514390934137221
2016-01-01,-0.05206764093935223,-0.07083312316952135,0.05161873649834585,-0.0025260919875234543,-0.03367507421343216,0.026698563155512393,0.03858198894541417,20.2,0.76,1.94,1.18,0.012375025026943876,7.77,0,-0.07931612088887195,-0.08261103524271576,2015.0,0.0004965243296921606,0.009887120165913938,-0.07160794303492968,-0.11919589714632639
2016-02-01,-0.004136900440057719,-0.018407909147377645,0.10292754648759413,0.004696746703308129,-0.022850470894526076,0.024708449583734405,0.03117525807845652,20.55,0.78,1.74,0.96,0.008472775790126619,7.75,0,-0.08311703101941258,-0.09934376815571203,2015.0,0.0004965243296921606,-0.014154533436943718,-0.015777208970402162,0.1312698925848662
2016-03-01,0.06390498491988238,0.06508629044892507,-0.004781930052812894,0.04464228962235672,0.031028160048078627,0.058276215841501965,0.06854897449983838,13.95,0.73,1.78,1.05,0.008916160965521946,7.05,0,-0.022610907330869033,-0.038773633243363304,2015.0,0.0004965243296921606,-0.037556310338072815,0.06628010294087434,-0.04583628391320694
2016-04-01,0.0026957330678163125,-0.03226360442575868,0.047578629517142555,0.005721235373385791,0.01686268857016079,0.037467665073317544,0.05266286435111938,15.7,0.77,1.83,1.06,0.011726257503534843,6.21,0,-0.019972572708421173,-0.06929130819743125,2015.0,0.0004965243296921606,-0.016092365403541507,-0.03238713036319714,0.08385665326245241
2016-05-01,0.015208413737977483,0.04120061124720067,-0.06163535648406316,-0.028049322926852964,-0.00855801784185576,0.03233804708264812,0.0507354555307604,14.19,0.87,1.84,0.9700000000000001,0.010784764621246223,5.97,0,-0.0049539952263226335,-0.030144645418275568,2015.0,0.0004965243296921606,0.029742336694539025,0.04277267529043255,0.17087259593740434
2016-06-01,0.0009104321367895639,-0.023755255013750344,0.08374740972775971,-0.002392862139916385,-0.08630120582861524,0.007790878799763728,0.04018425802033739,15.63,0.58,1.49,0.91,0.010792865347959424,6.21,0,-0.004047660850625535,-0.05291231018906603,2015.0,0.0004965243296921606,0.002603761316776516,-0.023043684351196796,0.17851517972950162
2016-07-01,0.03499043894376667,0.06835462845108783,0.022595563591793218,0.006830560209679982,-0.0035584274937579016,0.01711338493243414,0.04733010994410335,11.87,0.67,1.46,0.7899999999999999,0.008683633430518256,5.69,0,0.0,0.0,2015.0,0.0004965243296921606,-0.006365134613544816,0.06906712750723858,0.02966607999115729
2016-08-01,-0.001219919360414707,0.008594675320313742,-0.03252410851951544,-0.0019071416124752372,-0.007649626961446549,0.020319019456256714,0.04672972041915978,13.42,0.8,1.58,0.78,0.010553158595656864,5.1,0,-0.0012191755612808663,0.0,2015.0,0.0004965243296921606,0.00511614663831946,0.010445818701092032,-0.12854122052555703
2016-09-01,-0.0012352452011046586,0.021695181450608145,0.006617321259089535,0.006725911979988332,-0.0135620752689383,0.020910485707584452,0.03141119559820622,13.29,0.77,1.6,0.8300000000000001,0.015486446201652182,4.97,0,-0.0024521531100478136,0.0,2015.0,0.0004965243296921606,-0.005849166154959273,0.021894184690063642,0.048943030571592966
2016-10-01,-0.019616782104688858,-0.015383217634198377,-0.03154183837307794,-0.023490650338164498,-0.05761956796800681,0.010617012233917094,0.01880323682286264,17.06,0.86,1.84,0.9800000000000001,0.01685924966243646,4.91,0,-0.021830143540669773,-0.01526550033841282,2015.0,0.0004965243296921606,0.03084147210002676,-0.014679441459786708,0.136278505578826
2016-11-01,0.033603472465471074,0.0019850028573394573,-0.08440995533773006,-0.0348687080537163,0.022224034799424336,0.027030885557394718,0.018551522407937504,13.33,1.11,2.37,1.26,0.016843334719788938,4.67,0,0.0,-0.013308858215230516,2015.0,0.0004965243296921606,0.030510024394755687,0.0043498643047189785,0.05208174605971073
2016-12-01,0.018037103051757427,0.010917547503428302,-0.01928440343420254,-0.006779943779080725,-0.015220748846969246,0.02736336486561203,0.013373952817083685,14.04,1.2,2.45,1.2500000000000002,0.020507989115119862,4.22,0,0.0,-0.002477592961010712,2016.0,0.0004962779156327812,0.008730247143836736,0.01125875436857909,0.2788235195457555
2017-01-01,0.01772629809300964,0.05074036398896179,0.050571431001330186,0.025478368216335357,0.020672612313195025,0.009078299423167692,0.025957440506110516,11.99,1.19,2.45,1.2600000000000002,0.025103933482571117,4.0,0,0.0,0.0,2016.0,0.0004962779156327812,-0.028530882531112613,0.05012366077968735,-0.048117383151333314
2017-02-01,0.036523097609435645,0.040886017236380946,0.03113079200055197,-0.020880789720487836,-0.016332454242744706,0.010763737474886043,0.020740757141818313,12.92,1.22,2.36,1.14,0.028103616813294208,3.74,0,0.0,0.0,2016.0,0.0004962779156327812,0.016049794465591283,0.042820552406943935,0.25612771258609845
2017-03-01,-0.0003893059401398051,0.019676408078983472,-0.0012659243738518313,0.008907276939113288,0.012246345688086689,0.018457249331691128,0.015874114291861995,12.37,1.27,2.4,1.13,0.0244119623655914,3.92,0,-0.00038923017041515325,0.0,2016.0,0.0004962779156327812,-0.007643897523379899,0.020065948281586685,-0.13909160703959894
2017-04-01,0.009050140558437409,0.026735386946941116,0.01657779858513983,0.02079852337211815,0.033242601479754795,0.019176339827733015,0.010800594434691144,10.82,1.28,2.29,1.01,0.02176223471915395,3.81,0,0.0,0.0,2016.0,0.0004962779156327812,-0.013039256081942391,0.026904741396102015,0.25077885878010997
2017-05-01,0.011509718385591177,0.036103823355622636,0.0003311336627620337,0.031761322063179574,-0.005985792945067656,0.006281446929803882,0.008240719589056771,10.41,1.28,2.21,0.9299999999999999,0.018563431667619756,3.74,0,0.0,0.0,2016.0,0.0004962779156327812,-0.02173892689894399,0.038233445370358464,0.5137147256146141
2017-06-01,0.004802282553352028,-0.02481475244272719,-0.021674500657657966,0.015619664369412057,0.011521451937462207,0.003393216668658966,0.03280309271277348,11.18,1.38,2.31,0.9300000000000002,0.01640565809959127,3.77,0,0.0,-0.02450939745715867,2016.0,0.0004962779156327812,-0.013085600521184303,-0.023452179504372325,0.149933545549717
2017-07-01,0.019163961513693484,0.04050261900859759,0.02232068386519545,0.03572699228569181,0.013937507843781458,0.007186039194943814,0.03650749076971762,10.26,1.34,2.3,0.9599999999999997,0.017251073506566073,3.61,0,0.0,0.0,2016.0,0.0004962779156327812,-0.029707287370116547,0.039809700932834036,0.05825474236694756
2017-08-01,0.0005463430563159147,0.01824477915374933,0.03957211969184737,0.007197758108361555,-0.021412881742214496,0.009755225613201902,0.03320615833853265,10.59,1.33,2.12,0.79,0.0192812155729698,3.85,0,0.0,0.0,2016.0,0.0004962779156327812,-0.002048213324862403,0.020523812860528786,0.5244290161498542
2017-09-01,0.01911895720324887,-0.0015541576837940856,-0.03079555834961095,-0.008550480668372674,0.03592773196936998,0.010735918984599392,0.021040365176863605,9.51,1.47,2.33,0.8600000000000001,0.021805652303711787,3.56,0,0.0,-0.0015529506061517184,2016.0,0.0004962779156327812,0.004414582266200918,-0.002956884597561156,-0.09988682700606029
2017-10-01,0.02194559887830511,0.04404753294748794,-0.007273044325492114,-0.01450399949557802,-0.00855865468815121,0.01162511683916158,0.022866621203799526,10.18,1.6,2.38,0.7799999999999998,0.02020757753132485,3.51,0,0.0,0.0,2016.0,0.0004962779156327812,0.015669469275193058,0.04503494070233298,0.3763708077692685
2017-11-01,0.027695515330648682,0.018551172084000183,0.0027963477207444123,0.020400287756016596,0.017007682266756165,0.004370522312049922,0.02285389423702936,11.28,1.78,2.42,0.6399999999999999,0.02172493864295566,3.61,0,0.0,0.0,2016.0,0.0004962779156327812,-0.016421790158995777,0.01952543001551924,0.49308700842863085
2017-12-01,0.009783603904362663,0.004836249570910572,0.022078315153415504,0.009275681181620223,-0.0009994559350114016,0.009145237666842792,0.019898443242539265,11.04,1.89,2.4,0.51,0.021299307195522532,3.63,0,0.0,0.0,2017.0,0.0004960317460318553,-0.00961493245437875,0.00601253545693911,0.342103848280858
2018-01-01,0.05465741778702495,0.08300176186968124,0.03156813487703489,0.03373904795128005,0.05031063316427715,0.022588492377705934,0.041736923972647416,13.54,2.14,2.72,0.5800000000000001,0.02151318868063945,3.29,0,0.0,0.0,2017.0,0.0004960317460318553,-0.03299615744058259,0.08394664907226146,-0.323952290130209
2018-02-01,-0.0397261156359207,-0.013846521065963471,-0.020200734973873834,-0.017801006498691308,-0.03153332238050891,0.047210738331326024,0.051378470100457846,19.85,2.25,2.87,0.6200000000000001,0.02263468931091861,3.47,1,-0.038947379604151844,-0.01375109892244445,2017.0,0.0004960317460318553,0.016468641642833307,-0.013011918709122019,0.053306404830995927
2018-03-01,-0.02725251295379243,-0.0406872365451007,0.005447007407855174,0.010247880616298798,0.019722091713127943,0.05127227792098017,0.06506276744276311,19.97,2.27,2.74,0.4700000000000002,0.023309497646499366,3.72,1,-0.0647848120093066,-0.05307345765965126,2017.0,0.0004960317460318553,-0.005089622394671733,-0.04164370904417953,-0.41758768474381036
2018-04-01,0.002715111747128934,0.0037067693940223503,-0.007193295093106864,-0.019674217068997264,-0.018813842935864234,0.02181324932186314,0.022358330948169896,15.93,2.49,2.95,0.45999999999999996,0.024709963021052994,3.46,0,-0.06224214801987377,-0.049556905837274595,2017.0,0.0004960317460318553,0.018572926121044886,0.005045781365823333,0.27573955100852277
2018-05-01,0.021378202402637565,0.05337625772488571,-0.013364693127597123,-0.032494866423492495,-0.035212199054868845,0.02453336489731589,0.047056396640365254,15.43,2.4,2.83,0.43000000000000016,0.02781921607842497,3.63,0,-0.04197874502887941,0.0,2017.0,0.0004960317460318553,0.023140478207564506,0.0551785488697271,-0.23829809462774473
2018-06-01,0.004830713496801861,0.010432309842876252,-0.03599747353167416,-0.0013692887829536821,-0.007013387346036934,0.010219312702490463,0.026945851953722337,16.09,2.52,2.85,0.33000000000000007,0.028075506935940187,3.71,0,-0.03733962270832671,0.0,2017.0,0.0004960317460318553,0.006786150591772835,0.011385110747202665,-0.21504072422051207
2018-07-01,0.03538797997679926,0.02679105752186082,-0.023940031693309452,0.0009330315211192348,-0.0062163923321214235,0.015296185752750059,0.021673963470610656,12.83,2.67,2.96,0.29000000000000004,0.02854124785561929,3.46,0,-0.0026630686908821707,0.0,2017.0,0.0004960317460318553,-0.0014805353091800933,0.02758007104428824,0.31690202973259113
2018-08-01,0.029814321663194848,0.056787384674636586,-0.019319964873850685,-0.006695993702006875,-0.01183227960040577,0.016273664198832798,0.02350950598849674,12.86,2.62,2.86,0.23999999999999977,0.026429238568742575,3.49,0,0.0,0.0,2017.0,0.0004960317460318553,0.006855498402307915,0.05619767057899605,-0.15751017481522647
2018-09-01,0.004285106720321905,-0.0035204391752591086,-0.006322465739487014,9.474305260604732e-05,0.005530974787209429,0.016584104876882888,0.030154049181344785,12.12,2.81,3.05,0.23999999999999977,0.02332055105808828,3.28,0,0.0,-0.003514249694626143,2017.0,0.0004960317460318553,0.0005254353220948434,-0.002820388696347334,-0.03276763168437278
2018-10-01,-0.0719293490556602,-0.09058073377350888,0.01944954614949601,-0.025611783660637905,-0.02039764145740653,0.05293417077870609,0.07408766299457978,21.23,2.87,3.15,0.2799999999999998,0.02492032470218053,3.81,0,-0.06940335897981463,-0.0898093290918473,2017.0,0.0004960317460318553,0.020175339225926313,-0.08987768680533371,-0.06688634972031175
2018-11-01,0.017701776759294796,-0.0025998659380599694,0.00554668088723531,0.0003887097535581665,-0.002029884664443404,0.048343198451316266,0.05053212749610826,18.07,2.8,3.01,0.20999999999999996,0.02147328577667773,4.29,0,-0.052783478266837776,-0.09217262935117021,2017.0,0.0004960317460318553,0.0014403232329909218,-0.0026536162895109583,-0.3923993325317438
2018-12-01,-0.09626528711807607,-0.09330528636633892,0.048262842524339496,0.012769548079424282,0.0006039097456144842,0.060020091420932745,0.0516002738800556,25.42,2.48,2.69,0.20999999999999996,0.020023809043401064,5.33,1,-0.13971612708391962,-0.17304609676597582,2018.0,0.0004957858205254517,-0.01137314268522813,-0.09058906870313484,-0.09272130439614763
2019-01-01,0.07574215482837561,0.0872183079125613,0.029810996568145485,-0.0018417256322035328,0.027507253589335662,0.08750594000808602,0.09026216052911659,16.57,2.45,2.63,0.17999999999999972,0.014875893578291333,4.37,0,-0.0720252026438068,-0.09768177097282009,2018.0,0.0004957858205254517,-0.00615382737730892,0.08627642720767581,-0.10802534175256882
2019-02-01,0.029295592986693514,0.02723461126313616,-0.006773457642439629,-0.006617983806631875,0.01158800183911378,0.08898443478549067,0.09193900049818123,14.78,2.52,2.73,0.20999999999999996,0.015188615351321877,3.92,0,-0.04443750471863233,-0.07276979051675153,2018.0,0.0004957858205254517,0.006049896563085583,0.02947347438141207,0.09191479747954855
2019-03-01,0.017765541837019908,0.038860121858789336,-0.015472042970895904,-0.013538188825020846,-0.017379043845639673,0.030690695768089943,0.03181118911837726,13.71,2.27,2.41,0.14000000000000012,0.018831863513063984,4.05,0,-0.027309727589070593,-0.03602824463880956,2018.0,0.0004957858205254517,0.011579896799113575,0.038495167563072516,0.05876939141607026
2019-04-01,0.03856033644309039,0.0531370231973379,-0.006848437733254463,-0.00028530416291805264,0.00030684023836750397,0.010417941523605609,0.012973802786443828,13.12,2.27,2.51,0.23999999999999977,0.020005834702090608,3.73,0,0.0,0.0,2018.0,0.0004957858205254517,0.002053857524646631,0.05353389461452254,0.26087196646313393
2019-05-01,-0.0680408888532043,-0.08771890277213573,0.017294346502062984,-0.00386854590216371,-0.03083541615438512,0.05650809420660649,0.07753114564382568,18.71,1.95,2.14,0.19000000000000017,0.017959105553606136,4.59,0,-0.06577772648116151,-0.08398166924972948,2018.0,0.0004957858205254517,0.0027659356713181046,-0.08583223570884106,0.44937019345630197
2019-06-01,0.06665831953424144,0.07343168353139812,0.0774787965278421,0.017727216714006032,0.004467076604710366,0.07106006218763875,0.08777032203879744,15.08,1.75,2.0,0.25,0.01671194894390049,4.07,0,-0.0013816140103127842,-0.014185641254983027,2018.0,0.0004957858205254517,-0.016711785359289803,0.07315791619950926,0.26980993770205175
2019-07-01,0.013042767473010496,0.0229013436916867,0.0018833197296998679,-0.026737177765256064,-0.043914991216096134,0.06781477651940714,0.08242134193480685,16.12,1.89,2.02,0.13000000000000012,0.01826331335037068,3.93,0,0.0,0.0,2018.0,0.0004957858205254517,0.024558125672525664,0.023079535209653213,-0.11470062943300761
2019-08-01,-0.018257307714875135,-0.020307291628652316,0.07492311177509553,-0.0073342093221232365,0.001110202047427596,0.042943734274646636,0.046917119964570105,18.98,1.5,1.5,0.0,0.017376412106666406,4.13,0,-0.01809165274226779,-0.02010248726553678,2018.0,0.0004957858205254517,0.0040518849640445624,-0.019177997294527464,-0.007640929876175432
2019-09-01,0.01703524052367768,0.007570929988649899,-0.034043682194285094,-0.00836052693625115,0.010245932625627839,0.019327004031484744,0.021905870564362294,16.24,1.63,1.68,0.050000000000000044,0.016844977040391562,4.02,0,-0.0012213207711769397,-0.012655597430428695,2018.0,0.0004957858205254517,0.004639434394247655,0.009136740305637754,-0.1661753573276705
2019-10-01,0.020225819582931022,0.04224439717437223,0.027095756888749573,0.0229576120330702,0.050810343421690524,0.02135686791379246,0.03133730029675246,13.22,1.52,1.69,0.16999999999999993,0.017339736996186295,4.15,0,0.0,0.0,2018.0,0.0004957858205254517,-0.02063814239294878,0.04286875268606429,0.13618221920365575
2019-11-01,0.033480291579323126,0.03880415889098515,-0.03302071139692694,-0.01210703491802043,0.000131441097181086,0.00872067014683379,0.019103224657071923,12.62,1.61,1.78,0.16999999999999993,0.020922903948629168,4.02,0,0.0,0.0,2018.0,0.0004957858205254517,0.009406042069971107,0.03988794251598739,-0.2211106619593925
2019-12-01,0.02818874101228944,0.038447012365410184,0.03574965822286269,0.01759781992489482,0.024831389603087346,0.0066719519007652234,0.0020969392168268867,13.78,1.58,1.92,0.33999999999999986,0.023195274699624457,3.6,0,0.0,0.0,2019.0,0.0004955401387511937,-0.01931630275025347,0.038127424659664524,-0.018335328532938143
2020-01-01,-0.0016294165896177356,0.029163708721672822,0.04483408944777721,-0.0110118852648512,-0.00414899156634609,0.01892887845719619,0.005465735077879921,18.84,1.33,1.51,0.17999999999999994,0.02599767976845202,4.03,0,-0.0016280898111292685,0.0,2019.0,0.0004955401387511937,0.010321074242249137,0.029931767649281397,0.27420768786845184
2020-02-01,-0.08785952093620485,-0.060714968044659756,-0.0059919023368785575,-0.004554869557137568,-0.029293401671590117,0.060266011039476486,0.05476838294529618,40.11,0.86,1.13,0.2699999999999999,0.023413166797595197,5.06,1,-0.08560161942317347,-0.05890855731494341,2019.0,0.0004955401387511937,0.007569572523161759,-0.06248644437177561,-0.08342044812581242
2020-03-01,-0.13366776859296695,-0.07971317428375471,-0.0014274161437784472,-0.0008880834294606539,-0.03097345701239981,0.06704246521020202,0.05815680532054047,53.54,0.23,0.7,0.47,0.014940399642909163,8.77,1,-0.20001052377444456,-0.13101389399246766,2019.0,0.0004955401387511937,0.009331701725652126,-0.07564873526132163,-0.2949110374679771
2020-04-01,0.11942089623740584,0.14142825240497725,0.06851534263881812,-0.0071514662253373065,0.013033639169729116,0.13485636751909424,0.12256042320149776,34.15,0.2,0.64,0.44,0.003130472940411133,7.63,0,-0.09853657630665051,0.0,2019.0,0.0004955401387511937,-0.0003029879231299342,0.13953344104801377,0.3028588401606353
2020-05-01,0.0442864902305306,0.059838285293684415,0.026122236383546223,0.013648839085856452,-0.019586382964010697,0.12997869662951636,0.11182953038840199,27.51,0.16,0.65,0.49,0.001982013035848551,6.54,0,-0.0577167123728636,0.0,2019.0,0.0004955401387511937,-0.0068909912871779905,0.06392168270077507,0.06312081945661568
2020-06-01,0.018221381004063585,0.06102893812186104,0.028164459902439144,0.011668284060505277,0.0038787300551240806,0.052545077106006664,0.04676606697983459,30.43,0.16,0.66,0.5,0.007166562831830481,6.44,0,-0.040389627272671064,0.0,2019.0,0.0004955401387511937,-0.009707295038505821,0.06096968481356544,-0.025176427892529905
2020-07-01,0.053636778409248576,0.07115373861766981,0.10301070823887189,0.04780484901687707,0.054369402238230224,0.018353329313687303,0.0062178335343367076,24.46,0.11,0.55,0.44000000000000006,0.009968647625897997,5.16,0,0.0,0.0,2019.0,0.0004955401387511937,-0.04086907385262587,0.07089198702780214,0.18659127003618248
2020-08-01,0.06771910208965368,0.1047872660368679,-0.0032369219692562844,0.013237074434843819,0.020884876054054015,0.02550355075368187,0.02290748427063018,26.41,0.14,0.72,0.58,0.012810698495523853,5.02,0,0.0,0.0,2019.0,0.0004955401387511937,-0.014545302969800358,0.10386195754614928,0.045019714063460184
2020-09-01,-0.04001810324358949,-0.05889304697364609,-0.04257419698295445,-0.018197456931549855,-0.03412521433450786,0.058561725428053275,0.08644326219792123,26.37,0.13,0.69,0.5599999999999999,0.013910228912373812,5.41,0,-0.039227954095494386,-0.05719240010899462,2019.0,0.0004955401387511937,0.01881472488615203,-0.05952305680959967,-0.07465151166983128
2020-10-01,-0.02805568033968923,-0.032498951729155415,-0.003942430813937908,-0.006623730925682471,0.002404265441685748,0.05905253864728866,0.08787813410200034,38.02,0.14,0.88,0.74,0.012303863428671624,5.32,0,-0.0658084569652402,-0.08734012071969414,2019.0,0.0004955401387511937,0.0015963556376313913,-0.030922439538178668,0.21910682469192658
2020-11-01,0.10214644831840361,0.10432296937326,-0.05561259406631994,0.024108999775969597,0.028784331231864416,0.07885266174925329,0.08761312149642522,20.57,0.16,0.84,0.6799999999999999,0.011757452138405844,4.33,0,0.0,0.0,2019.0,0.0004955401387511937,-0.023345669227606357,0.10639200493774656,0.3031266091323794
2020-12-01,0.03644899728321611,0.0492980412418144,0.06637496567531723,0.023623276217398247,0.02540764497335203,0.06510197489945341,0.06884611931585674,22.75,0.13,0.93,0.8,0.013204191315779434,3.86,0,0.0,0.0,2020.0,0.0004952947003467045,-0.021231755692378573,0.04786056300552535,0.4587350464761936
2021-01-01,-0.011199116821942242,0.0028744490742311332,-0.029880494254744303,-0.006570325870100217,0.0021845475753249108,0.05691179577100492,0.05078499597400002,33.09,0.11,1.11,1.0,0.013738437137002402,3.84,0,-0.011136640158463601,0.0,2020.0,0.0004952947003467045,0.007090649855452873,0.002610086014097062,0.15463782274374324
2021-02-01,0.02575689966712559,-0.0012339936583808913,-0.06462788142110888,-0.0058095255888703425,0.01656040856914595,0.025001369575653444,0.02806396195177387,27.95,0.14,1.44,1.2999999999999998,0.016698167791706853,3.57,0,0.0,-0.001233232601285122,2020.0,0.0004952947003467045,0.0038565247511365883,-0.001336014910312455,0.36117326465654404
2021-03-01,0.04156280869744297,0.013999754820055051,-0.011545542833623421,-0.028396097952418094,-0.01069528911674803,0.027078265267947776,0.007881611746435755,19.4,0.16,1.74,1.58,0.026678187820641908,3.36,0,0.0,0.0,2020.0,0.0004952947003467045,0.02497961122162902,0.01702200814581477,0.19960474235387002
2021-04-01,0.05109732211429392,0.05710324480242805,0.03469687065298441,0.024884132501073592,0.0022466870829779724,0.012798897844292036,0.030257812579557942,18.61,0.16,1.65,1.49,0.04133077115360573,3.28,0,0.0,0.0,2020.0,0.0004952947003467045,-0.021137902134963932,0.057417844833289475,-0.09675954304512664
2021-05-01,0.00547150655202215,-0.012651150119514554,0.07558519507420414,0.01680004874367668,0.028214914722141327,0.024066588466068527,0.03519909372338228,16.76,0.14,1.58,1.44,0.04918257089467626,3.34,0,0.0,-0.01257146072798317,2020.0,0.0004952947003467045,-0.013788757619111322,-0.012085091589301824,-0.39420494551213975
2021-06-01,0.02197084004586202,0.06151015992695324,-0.0743020384463273,-0.030567726767034613,-0.026985000154674917,0.023102290684208777,0.041603277955086844,15.83,0.25,1.45,1.2,0.05295632620349999,3.04,0,0.0,0.0,2020.0,0.0004952947003467045,0.026416877255354857,0.060738947896047175,0.007948969303835008
2021-07-01,0.02249322924674322,0.027452451911313208,0.024386552733781888,0.0001770650212678471,0.004868611462596361,0.009680219864188093,0.03712170586717379,18.24,0.19,1.24,1.05,0.05245169381309234,3.32,0,0.0,0.0,2020.0,0.0004952947003467045,-0.0029251336773783417,0.02820758636282196,0.08745726688060339
2021-08-01,0.02857805096868915,0.040775843414199264,-0.00024259934286345456,-0.004368313488290507,-0.01017527898328006,0.003673172607882599,0.017162712089821824,16.48,0.2,1.3,1.1,0.05152015301793966,3.21,0,0.0,0.0,2020.0,0.0004952947003467045,0.004978355475315246,0.04132102786284475,0.20173405257815066
2021-09-01,-0.04873776298462272,-0.059008009532377864,-0.031694090543774235,-0.019426387686376514,-0.02089660066861156,0.04298956151772179,0.05417524259760964,23.14,0.28,1.52,1.24,0.05351215590949132,3.15,0,-0.04756914042116628,-0.05730078145305213,2020.0,0.0004952947003467045,0.017337792713291503,-0.05851011153036221,-0.16002473130882844
2021-10-01,0.06685820979817365,0.07605803096666074,0.014648333872590241,-0.0019531762598175603,0.0156273892424242,0.058886238588873915,0.07005293874806275,16.26,0.48,1.55,1.07,0.06235042390298062,3.15,0,0.0,0.0,2020.0,0.0004952947003467045,-0.0013802332872541179,0.07570102210336231,0.3868758932370717
2021-11-01,-0.0083686511009886,0.01784868990092162,-0.004418492873428223,-0.019303426681375455,-0.028739122341186016,0.05866738832692924,0.06774722003051228,27.19,0.52,1.43,0.9099999999999999,0.06901970403700863,3.67,0,-0.008333731418471463,0.0,2020.0,0.0004952947003467045,0.019673404079860214,0.019771629167771622,-0.04401326289118568
2021-12-01,0.042688611280446646,0.011348408703315535,0.030264818014934684,0.0033018295701893003,0.016897357450146873,0.03840593299464886,0.03563218642468298,17.22,0.73,1.52,0.79,0.07174340285065539,3.1,0,0.0,0.0,2021.0,0.0004950495049504955,-0.0033392465699278884,0.011457565481494101,-0.2107626687900653
2022-01-01,-0.05401814986501885,-0.08902029097741765,-0.017729347581189655,-0.012765622601139451,-0.005895784362250589,0.04837857382240621,0.059912587165558466,24.83,1.18,1.79,0.6100000000000001,0.07558805726967832,3.63,0,-0.05258508910699976,-0.08517298934809148,2021.0,0.0004950495049504955,0.00905268916494745,-0.09153450595269123,-0.21934278711695804
2022-02-01,-0.0318627908789231,-0.047474858485537834,0.06017189219777938,-0.0010065784756214196,-0.001734554159530525,0.050663874616563125,0.05043159657613737,30.15,1.44,1.83,0.3900000000000001,0.07937278766517819,3.77,1,-0.08229651418956076,-0.12758944809094075,2021.0,0.0004950495049504955,0.0017593605463971306,-0.04579258090664556,0.0005289466151730813
2022-03-01,0.035148238386268404,0.041323378518807775,0.014794515427679943,-0.013747647849010248,-0.021288695034742212,0.046425536738527916,0.0665840596961945,20.56,2.28,2.32,0.040000000000000036,0.08572204966013852,3.43,0,-0.04946728826859255,-0.09078325596443156,2021.0,0.0004950495049504955,0.016408926282936755,0.04562218293547113,0.21730437416221773
2022-04-01,-0.09206783296043518,-0.1435071980923397,-0.021325050053606093,-0.047982705155585656,-0.043772519036612605,0.06363837147521739,0.09243887998369982,33.4,2.7,2.89,0.18999999999999995,0.08231750770777224,3.97,0,-0.13307302703632679,-0.21233229248876234,2021.0,0.0004950495049504955,0.04621482785072315,-0.14613320342320352,-0.16517195122974823
2022-05-01,5.3242466203463356e-05,-0.016684768288620644,-0.03147529667392158,0.01732031513862158,0.001993907725458105,0.0657037290738755,0.09452620081910314,26.19,2.53,2.85,0.3200000000000003,0.08538171195642064,4.22,0,-0.13302686847748105,-0.22536531683668215,2021.0,0.0004950495049504955,-0.011821730073098597,-0.01599308967086171,-0.22614403269939354
2022-06-01,-0.0876515744801734,-0.09436205283736132,-0.01669243252385385,-0.02379695396010662,-0.03435893065580024,0.05195820562773251,0.0639439005930433,28.71,2.92,2.98,0.06000000000000005,0.08979361103105798,5.87,0,-0.20578324780012508,-0.29511865137915994,2021.0,0.0004950495049504955,0.028484801328897424,-0.09329887912376646,-0.4496517346493629
2022-07-01,0.08720134427422459,0.11826855777890422,-0.025885281882467734,-0.025100827034830728,0.00021352430151903493,0.08742660708776513,0.10759332175883368,21.33,2.89,2.67,-0.2200000000000002,0.08462576727730098,4.83,0,-0.13341711811135967,-0.2066233743952236,2021.0,0.0004950495049504955,0.011491641364435898,0.11824290061196793,0.16541343009947795
2022-08-01,-0.04336702120583717,-0.05361632988994396,-0.028738967305495952,-0.016762511477979566,-0.047110251646684385,0.09090541138987511,0.11285418698368116,25.87,3.45,3.15,-0.30000000000000027,0.08222579178218825,5.03,0,-0.17019499892996073,-0.24804106352419836,2021.0,0.0004950495049504955,0.0260964990360768,-0.052686075661880535,-0.18455336609623066
2022-09-01,-0.09804919930362435,-0.11204720871027525,-0.02925235851708001,-0.025248930872509602,-0.03958540198116046,0.09518053246466388,0.11972463858242023,31.62,4.22,3.83,-0.3899999999999997,0.08192106896425821,5.43,0,-0.2476952192321734,-0.3277471679060397,2021.0,0.0004950495049504955,0.030977984741280003,-0.11132855194035493,-0.02315032415865572
2022-10-01,0.07683460219574133,0.03882635206633214,-0.017641606450853456,0.008585139063430853,0.026799032711622744,0.08946406624707165,0.07607304427149598,25.88,4.51,4.1,-0.41000000000000014,0.07758813957693,4.63,0,-0.18761356054534245,-0.3011327150357106,2021.0,0.0004950495049504955,-0.005276148732014348,0.03921927720312024,0.05788976495579135
2022-11-01,0.052357944725214406,0.05330668493804355,0.07992798229404816,0.051720117063371394,0.050167978591580585,0.09469755343787124,0.09157366936529623,20.58,4.38,3.68,-0.6999999999999997,0.07122856456533988,4.55,0,-0.14394546576083994,-0.2628675839824315,2021.0,0.0004950495049504955,-0.051326346150827235,0.05395938922030727,-0.22221634202617624
2022-12-01,-0.060781799048487496,-0.09500465859490347,0.030550008879448715,0.027973123271880514,0.0024017569208154986,0.07341432906628992,0.08176865136390492,21.67,4.41,3.88,-0.5300000000000002,0.06404600402357152,4.81,0,-0.19442824232404152,-0.32967485453502676,2022.0,0.0004948045522019662,-0.02320245758583797,-0.09446088424372476,0.007601199129179907
2023-01-01,0.05992115787903165,0.10096108510507684,0.05588165057191269,0.01457808540915852,0.01870071132788601,0.06761041293745061,0.10220059456750873,19.4,4.21,3.52,-0.69,0.06327178517960097,4.3,0,-0.1446819045860627,-0.25846380654996787,2022.0,0.0004948045522019662,-0.013812088099040614,0.1011376255000929,0.3135573079614687
2023-02-01,-0.02645943030685264,-0.0049544399008178835,-0.05406261153081822,-0.026361499643727936,-0.023152661327996992,0.06219436579844221,0.09808985084096208,20.7,4.81,3.92,-0.8899999999999997,0.05957820738137087,4.22,0,-0.16701635271852933,-0.2621286170165832,2022.0,0.0004948045522019662,0.026768803810989318,-0.0036041369452659427,0.03270424722807663
2023-03-01,0.03445125384186044,0.090392447635395,0.07587374935896421,0.02484130144883596,0.024775090134792174,0.044385495886355944,0.05833927136169786,18.7,4.06,3.48,-0.5799999999999996,0.04917719362889961,4.58,0,-0.13781896613220648,-0.19232319939608136,2022.0,0.0004948045522019662,-0.022761138402113967,0.09068794154585302,0.17848228921653858
2023-04-01,0.014536196592679839,0.004891913367541171,0.009328185577762134,0.01593418695670728,0.018518899041228307,0.03105737264480071,0.05243777422751786,15.78,4.04,3.44,-0.6000000000000001,0.049500798791243694,4.53,0,-0.1251946002878617,-0.18836243449787013,2022.0,0.0004948045522019662,-0.008228119357263728,0.005066141256830467,0.05476207566552783
2023-05-01,0.002479248057984054,0.07334901795924999,-0.013329482311465352,-0.030656248077859962,-0.010285210834294924,0.016146148493529668,0.045253351670150946,17.94,4.4,3.64,-0.7600000000000002,0.04131851231385042,4.69,0,-0.12302304990579464,-0.12659190396125508,2022.0,0.0004948045522019662,0.02573083897567525,0.0758845849410946,-0.06716936946893871
2023-06-01,0.06271890993761445,0.0628828453756421,-0.022016719389375543,0.02093565906737197,0.020725594576827315,0.03187412936489568,0.03687561102950934,13.59,4.87,3.81,-1.06,0.03070617072997095,4.05,0,-0.06625851310693263,-0.06990590732398376,2022.0,0.0004948045522019662,-0.013608239819407663,0.06113117342138982,0.09237109278412742
2023-07-01,0.030663933087959953,0.037357982527402696,0.023363287816637157,0.007785834134379109,0.010870097869340378,0.030140545434245818,0.018513121578255416,13.63,4.88,3.97,-0.9099999999999997,0.03287749268428297,3.79,0,-0.03718281726665804,-0.03450228185155955,2022.0,0.0004948045522019662,-0.010255527985032,0.037874871967637946,-0.04033754407542224
2023-08-01,-0.01787524701848843,-0.016375657179259772,-0.013047882432773513,-0.014303749236751555,-0.013006286571622519,0.04057707004722219,0.04045724674845462,13.57,4.85,4.09,-0.7599999999999998,0.03722504803505289,3.85,0,-0.05424050287651755,-0.0501841902735771,2022.0,0.0004948045522019662,0.01713106044441282,-0.014941325833115936,-0.06914619964362013
2023-09-01,-0.04994608771197091,-0.05202536236034798,-0.04836785136026228,-0.025179943439651818,-0.038022624273800425,0.040584410557007095,0.04499553285039589,17.52,5.03,4.59,-0.4400000000000004,0.03687206638119256,4.03,0,-0.1003172351862498,-0.09833530227793003,2022.0,0.0004948045522019662,0.024311177886105675,-0.05213435078980573,-0.009491076905724696
2023-10-01,-0.02222483997777142,-0.020976548720987143,0.07109364107032053,0.0006335068597517975,-0.004008087235739225,0.017396960259573328,0.01939114278430938,18.14,5.07,4.88,-0.1900000000000004,0.032512659098611785,4.42,0,-0.12009198141908196,-0.11705212229351812,2022.0,0.0004948045522019662,0.00460467372783653,-0.02087091691894542,0.2444611016291174
2023-11-01,0.08542444438757674,0.10141813527422122,0.025620139474965067,0.029101498495314092,0.03848134275600102,0.0715099258392697,0.08112684971186435,12.92,4.73,4.37,-0.3600000000000003,0.031333462745911866,3.84,0,-0.041622431381106065,-0.022806873495718104,2022.0,0.0004948045522019662,-0.030074626801453067,0.10272634606769002,0.09181324793839547
2023-12-01,0.04327897629406807,0.05359587089821501,0.013192269247144305,0.01360540391469663,0.009481582872614207,0.05424536670132521,0.061682619659292656,12.45,4.23,3.88,-0.35000000000000053,0.033159099427102934,3.39,0,0.0,0.0,2023.0,0.0004945598417409602,-0.02118907717498485,0.05436481551765174,0.1207665825813463
2024-01-01,0.01577073041880103,0.018332724473864533,-0.011536138056359653,-0.02077402549718702,-0.0047807853528358,0.0350822460835466,0.041700607416954305,14.35,4.27,3.99,-0.27999999999999936,0.030883429864855705,3.59,0,0.0,0.0,2023.0,0.0004945598417409602,0.018964349646495703,0.018028474097563064,0.01574978584504912
2024-02-01,0.05042750432692709,0.05155103313334607,0.0022650676409598025,-0.0008048364627556854,-0.004954240785484149,0.018297982684300145,0.019795314628409038,13.4,4.64,4.25,-0.3899999999999997,0.03157074141648697,3.29,0,0.0,0.0,2023.0,0.0004945598417409602,0.0085813284418239,0.05148511861980202,0.3473643755253836
2024-03-01,0.030547405358412088,0.011617126815586564,0.0887851553960281,-0.0015745409299210114,3.960474465353216e-05,0.01739090008686464,0.02138251682995509,13.01,4.59,4.2,-0.3899999999999997,0.034868349120836584,3.15,0,0.0,0.0,2023.0,0.0004945598417409602,0.003737241445341265,0.012669076618018372,0.12403674782925216
2024-04-01,-0.04250574745999363,-0.04561605139617313,0.02298809394775584,-0.011129246351405987,-0.010342407705252849,0.04893630342836577,0.04883952613403273,15.65,5.04,4.69,-0.34999999999999964,0.033607951262196734,3.18,0,-0.04161504277408257,-0.04459128037780976,2023.0,0.0004945598417409602,0.015846971422368624,-0.044723033910951566,-0.09560021472941564
2024-05-01,0.046903838078814306,0.06094387149372136,0.01815703691333491,0.016933490120360134,0.019747545364145892,0.047606669725763925,0.053328825218420466,12.92,4.89,4.51,-0.3799999999999999,0.03244278584003113,3.2,0,0.0,0.0,2023.0,0.0004945598417409602,-0.014699900113272034,0.05970009103726261,0.08075904728569672
2024-06-01,0.03408230240557078,0.05999886091269854,-0.0011347494560657403,-0.01298587040074652,-0.008130702571632684,0.04834631172670061,0.061251421634262206,12.44,4.71,4.36,-0.34999999999999964,0.029702579486470926,3.21,0,0.0,0.0,2023.0,0.0004945598417409602,0.01139942592505981,0.06269433230614298,-0.1069849723176898
2024-07-01,0.011257742193535576,-0.016414123823977646,0.05132468924606443,0.010771663519601073,0.016919444004039216,0.01805545382867074,0.0443923730704174,16.36,4.29,4.09,-0.20000000000000018,0.029414757935583014,3.25,0,0.0,-0.01628014613722484,2023.0,0.0004945598417409602,-0.01685999133515172,-0.01692357958448892,0.07594204987815806
2024-08-01,0.022577879038739614,0.010900260402339886,0.02218192108313836,0.02069486943808134,0.02125529235029971,0.011412404100146632,0.03872056386061984,15.0,3.91,3.91,0.0,0.02607144490692037,3.17,0,0.0,-0.005498689977630273,2023.0,0.0004945598417409602,-0.023324687916042128,0.010978186555231978,-0.10832709699309714
2024-09-01,0.01999561838794891,0.02452732784864788,0.051476391580456866,0.007480882116375503,0.018259146179047375,0.00593245380164156,0.020848561173019812,16.73,3.66,3.81,0.1499999999999999,0.024264830315416708,3.03,0,0.0,0.0,2023.0,0.0004945598417409602,-0.00908736190716393,0.025878346587634764,0.1015214309880532
2024-10-01,-0.009946079220551969,-0.008523969970102597,0.04143735092561159,-0.022741255928985134,-0.03599720396573699,0.018078445667883417,0.016610167469813565,23.16,4.16,4.28,0.1200000000000001,0.02578844053871343,2.88,1,-0.009896780552817494,-0.008487743941011025,2023.0,0.0004945598417409602,0.03125869410008682,-0.008683977806562953,0.09427468941087207
2024-11-01,0.055719767688528744,0.05096300549415316,-0.03548863522864383,-0.028294502275080447,-0.012227512622678962,0.032875329020446965,0.02980473561356093,13.51,4.13,4.18,0.04999999999999982,0.02719472461284833,2.74,0,0.0,0.0,2023.0,0.0004945598417409602,0.016784625364647164,0.052125818889170804,0.2790748030536821
2024-12-01,-0.025307691689834075,0.0039005793980183296,-0.009808535065781955,-0.02186761700739427,-0.018458407863720723,0.043037641976250415,0.0313792437420551,17.35,4.25,4.58,0.33000000000000007,0.028706909675099812,2.92,0,-0.02499013656301493,0.0,2024.0,0.0004943153732082095,0.025674752539151725,0.004530063734285929,-0.032292893123369096
2025-01-01,0.026657822062382253,0.021929689722939544,0.06515366727321648,0.0020262453864263014,-0.008975438174706318,0.04104968630903514,0.02374466323841059,16.43,4.22,4.58,0.3600000000000003,0.029909783078999608,2.68,0,0.0,0.0,2024.0,0.0004943153732082095,-0.0011066598643936906,0.02140326962955354,0.12647330718230815
2025-02-01,-0.014344520215520212,-0.028028535786859446,0.018976122893736545,-8.675493183118938e-05,0.014331825226059398,0.027391597922785463,0.02529934620922425,19.63,3.99,4.24,0.25,0.028015834477613355,2.87,0,-0.014242127760312381,-0.027639380670032868,2024.0,0.0004943153732082095,-0.007037737395204336,-0.027406850249124655,-0.21692151136095073
2025-03-01,-0.05926680278196916,-0.0800150558502111,0.08982955230620056,0.042122913978911554,0.02664628110411305,0.04297721236868188,0.05097573559116051,22.28,3.89,4.23,0.3400000000000003,0.02381981462805549,3.55,0,-0.07096728267221575,-0.10241153177313576,2024.0,0.0004943153732082095,-0.032105500665257775,-0.07889365112104922,-0.029075489592986167
2025-04-01,-0.007654154967354604,0.015062008882755839,0.05151899351556517,0.04589050571991473,0.03108521611219026,0.028067293755571314,0.04760784519813585,24.7,3.6,4.17,0.5699999999999998,0.0232538823025783,3.94,0,-0.07805109816522712,-0.08878971787476046,2024.0,0.0004943153732082095,-0.04655198178253258,0.0138715124774571,0.14186097675432233
2025-05-01,0.059705468070558924,0.08657973590762272,0.001973176686542825,0.0025303411826424886,0.010917896683953921,0.05965956959009532,0.08357457563744691,18.57,3.89,4.41,0.52,0.023772651073680873,3.32,0,-0.02132925422107003,-0.0063813986837723945,2024.0,0.0004943153732082095,-0.0014084447750763777,0.08781213427101195,0.11638186641663475
2025-06-01,0.048415614059228305,0.06081019056305616,0.002471983065251313,0.03673960207129014,0.018946101058070864,0.03607538084368464,0.0362209673925721,16.73,3.72,4.24,0.52,0.02680453865910226,2.96,0,0.0,0.0,2024.0,0.0004943153732082095,-0.024974587766834335,0.06190210664077642,0.011503240909069679
2025-07-01,0.021435188702803743,0.02349318119313563,-0.003963278551265012,-0.03139145568185287,-0.03917410437858844,0.01966391974699174,0.03171892716061971,16.72,3.94,4.37,0.43000000000000016,0.02742618052167134,2.86,0,0.0,0.0,2024.0,0.0004943153732082095,0.031997057899233995,0.023947913704657955,0.08613763294103292
2025-08-01,0.0188870153534324,0.008461771388053539,0.04817360137120184,0.02430460393308153,0.02333303203006894,0.01636242994056803,0.026953229426683604,15.36,3.59,4.23,0.6400000000000006,0.029385917430316155,2.84,0,0.0,0.0,2024.0,0.0004943153732082095,-0.022852381611146312,0.009494539251279011,-0.04591862609044092
2025-09-01,0.03471408865886453,0.052598014156353345,0.11127891539805111,0.003268576386771856,-0.005073818465889015,0.008498221587260161,0.02243896353907358,16.28,3.6,4.16,0.56,0.030225715847133294,2.8,0,0.0,0.0,2024.0,0.0004943153732082095,0.0,0.05236676464712406,0.019811902072541725
2025-10-01,0.022433317651589665,0.04663226442665807,0.03665234832097635,-0.017161275171125992,-0.02212930490238097,0.008305518706845552,0.02394641460410317,17.44,3.6,4.11,0.5100000000000002,0.027291362382022122,2.94,0,0.0,0.0,2024.0,0.0004943153732082095,0.020550466713580573,0.04669646857126213,-0.057414248031962066
2025-11-01,0.001298825760831596,-0.01650320476136181,0.06041334899611772,0.005497511447057937,0.006811948340993541,0.01690199139430177,0.03828980738034293,16.35,3.47,4.02,0.5499999999999994,0.026964439164939513,2.92,0,0.0,-0.016367772920934404,2024.0,0.0004943153732082095,-0.003412669814541118,-0.01573361652068821,-0.16667253337884544
2025-12-01,-0.0005242946422253577,-0.007301638406351498,0.015527740507966493,0.012438802408335049,0.017315834223616513,0.012760893893178082,0.03410674949766153,14.95,3.47,4.18,0.7099999999999995,0.02653304114557753,2.81,0,-0.0005241572238063955,-0.023523742822856967,2025.0,0.000494071146245112,-0.011935008849300488,-0.006721765909783801,-0.033124580619801856
2026-01-01,0.013570493205929611,0.011910639239626333,0.11561047313527793,0.009110502731176523,0.015480322096485227,0.0076657314759870174,0.014497855971626273,17.44,3.52,4.26,0.7399999999999998,0.02391201432150014,2.88,0,0.0,-0.011823747502236302,2025.0,0.000494071146245112,-0.013212676852125719,0.012231375571140212,-0.045272884969320734
2026-02-01,-0.008706147301869324,-0.02345470828524503,0.08231851556358667,-0.00316866416635453,-0.01518349150294511,0.01126835147468593,0.017704712576097327,19.86,3.38,3.97,0.5900000000000003,0.024340041103732224,3.12,0,-0.00866835854579093,-0.03473143649598792,2025.0,0.000494071146245112,0.006372095059649294,-0.023724642306406724,-0.2227002302581664
2026-03-01,-0.043515737549224796,-0.03784742797422888,-0.17758661591695124,-0.020296152016504972,-0.007604316191992438,0.028771496390621404,0.02560508881211882,26.15,3.88,4.39,0.5099999999999998,0.02400050033616319,3.19,1,-0.050881751483997005,-0.07058167005889446,2025.0,0.000494071146245112,0.01847392862139973,-0.03787958757360481,0.04556145487723115
