date,spx_return,ndx_return,ftse_return,gold_return,gold_return_3m,gold_vol_3m,gold_vol_6m,gold_drawdown,gold_max_dd_6m,btc_return,eurusd_return,gbpusd_return,spx_vol_3m,spx_vol_6m,ndx_vol_3m,ndx_vol_6m,vix_level,us2y_yield,us10y_yield,yield_spread,us_cpi_yoy,uk_cpi_yoy,high_yield_spread,vix_spike,spx_drawdown,spx_max_dd_6m,ndx_drawdown,ndx_max_dd_6m,ecb_level,ecb_yoy,fed_funds_level,fed_funds_change_1m,tips_10y_level,tips_10y_change_1m,breakeven_10y_level,breakeven_10y_change_1m,real_yield_tips,real_yield_tips_change_1m,dxy_level,dxy_return,dxy_return_3m,qqq_return
2020-02-01,-0.08785952093620485,-0.060714968044659756,-0.10182862487308596,-0.0059919023368785575,0.07459184533376138,0.027105246139006195,0.03495071336563883,-0.13583222851633112,-0.19794668390546416,-0.08342044812581242,-0.004554869557137568,-0.029293401671590117,0.060266011039476486,0.045435476793636985,0.05476838294529618,0.039603398882016576,40.11,0.86,1.13,0.2699999999999999,0.023413166797595197,0.04274193548387095,5.06,1,-0.08560161942317347,-0.08560161942317347,-0.05890855731494341,-0.05890855731494341,2019.0,0.0004955401387511937,1.58,0.030000000000000027,-0.28,-0.14,1.41,-0.24,-0.28,-0.14,98.12999725341795,0.007569572523161759,-0.0014256559848425734,-0.06248644437177561
2020-03-01,-0.13366776859296695,-0.07971317428375471,-0.14859270918875878,-0.0014274161437784472,0.03741477096712025,0.02811951539026012,0.029655006255529515,-0.13706487558482247,-0.19794668390546416,-0.2949110374679771,-0.0008880834294606539,-0.03097345701239981,0.06704246521020202,0.07012534924944952,0.05815680532054047,0.05594327855080705,53.54,0.23,0.7,0.47,0.014940399642909163,-0.7362096774193548,8.77,1,-0.20001052377444456,-0.20001052377444456,-0.13101389399246766,-0.13101389399246766,2019.0,0.0004955401387511937,0.65,-0.93,-0.17,0.11000000000000001,0.87,-0.5399999999999999,-0.17,0.11000000000000001,99.0500030517578,0.009331701725652126,0.027222348491063024,-0.07564873526132163
2020-04-01,0.11942089623740584,0.14142825240497725,0.039622677611652925,0.06851534263881812,0.06109602415816116,0.04176153252734703,0.03779681213861601,-0.07586805745778863,-0.19794668390546416,0.3028588401606353,-0.0071514662253373065,0.013033639169729116,0.13485636751909424,0.09107246856780231,0.12256042320149776,0.079942365250775,34.15,0.2,0.64,0.44,0.003130472940411133,-0.6941545704197725,7.63,0,-0.09853657630665051,-0.20001052377444456,0.0,-0.13101389399246766,2019.0,0.0004955401387511937,0.05,-0.6,-0.43,-0.26,1.07,0.20000000000000007,-0.43,-0.26,99.0199966430664,-0.0003029879231299342,0.016598286325683952,0.13953344104801377
2020-05-01,0.0442864902305306,0.059838285293684415,0.0292879144048028,0.026122236383546223,0.09321016287858594,0.035232911504414925,0.028319175367118466,-0.05140960040321251,-0.1687548621078812,0.06312081945661568,0.013648839085856452,-0.019586382964010697,0.12997869662951636,0.09213403382426856,0.11182953038840199,0.08148852746743485,27.51,0.16,0.65,0.49,0.001982013035848551,-0.6983504235399018,6.54,0,-0.0577167123728636,-0.20001052377444456,0.0,-0.13101389399246766,2019.0,0.0004955401387511937,0.05,0.0,-0.5,-0.07,1.15,0.07999999999999985,-0.5,-0.07,98.33999633789062,-0.0068909912871779905,0.002137722515344204,0.06392168270077507
2020-06-01,0.018221381004063585,0.06102893812186104,0.01521136861005318,0.028164459902439144,0.12280203892480353,0.023907948024582775,0.028070477387953204,-0.024313278622064866,-0.13706487558482247,-0.025176427892529905,0.011668284060505277,0.0038787300551240806,0.052545077106006664,0.0914990652317866,0.04676606697983459,0.0829414159194207,30.43,0.16,0.66,0.5,0.007166562831830481,-0.5817923186344238,6.44,0,-0.040389627272671064,-0.20001052377444456,0.0,-0.13101389399246766,2019.0,0.0004955401387511937,0.08,0.03,-0.68,-0.18000000000000005,1.34,0.19000000000000017,-0.68,-0.18000000000000005,97.38999938964844,-0.009707295038505821,-0.016901274248813745,0.06096968481356544
2020-07-01,0.053636778409248576,0.07115373861766981,-0.04508407984005714,0.10301070823887189,0.1572974045248573,0.043813941219637866,0.042118463930214796,0.0,-0.13706487558482247,0.18659127003618248,0.04780484901687707,0.054369402238230224,0.018353329313687303,0.09485261065298113,0.0062178335343367076,0.08508928474501307,24.46,0.11,0.55,0.44000000000000006,0.009968647625897997,-0.7063063063063062,5.16,0,0.0,-0.20001052377444456,0.0,-0.13101389399246766,2019.0,0.0004955401387511937,0.09,0.009999999999999995,-1.0,-0.31999999999999995,1.55,0.20999999999999996,-1.0,-0.31999999999999995,93.48999786376952,-0.04086907385262587,-0.05746736017830968,0.07089198702780214
2020-08-01,0.06771910208965368,0.1047872660368679,0.011096677235741354,-0.0032369219692562844,0.1279382461720548,0.05458413474984308,0.04157542126579176,-0.003231688785330822,-0.13706487558482247,0.045019714063460184,0.013237074434843819,0.020884876054054015,0.02550355075368187,0.08612727162252684,0.02290748427063018,0.07520818821145837,26.41,0.14,0.72,0.58,0.012810698495523853,-0.7538767395626242,5.02,0,0.0,-0.20001052377444456,0.0,-0.13101389399246766,2019.0,0.0004955401387511937,0.1,0.010000000000000009,-1.08,-0.08000000000000007,1.8,0.25,-1.08,-0.08000000000000007,92.13999938964844,-0.014545302969800358,-0.06512167186093205,0.10386195754614928
2020-09-01,-0.04001810324358949,-0.05889304697364609,-0.01647927723927183,-0.04257419698295445,0.0571995892866612,0.07531151390369056,0.05138892573991272,-0.04477763144564892,-0.07586805745778863,-0.07465151166983128,-0.018197456931549855,-0.03412521433450786,0.058561725428053275,0.05304214584366414,0.08644326219792123,0.06757979794975572,26.37,0.13,0.69,0.5599999999999999,0.013910228912373812,-0.7889540904383845,5.41,0,-0.039227954095494386,-0.09853657630665051,-0.05719240010899462,-0.05719240010899462,2019.0,0.0004955401387511937,0.09,-0.010000000000000009,-0.94,0.14000000000000012,1.63,-0.17000000000000015,-0.94,0.14000000000000012,93.88999938964844,0.01881472488615203,-0.036599651936274194,-0.05952305680959967
2020-10-01,-0.02805568033968923,-0.032498951729155415,-0.05049060844082788,-0.003942430813937908,-0.0497535497661486,0.022510487576427058,0.048985269767666664,-0.04853611589504606,-0.05140960040321251,0.21910682469192658,-0.006623730925682471,0.002404265441685748,0.05905253864728866,0.04451990504875743,0.08787813410200034,0.06456053327228967,38.02,0.14,0.88,0.74,0.012303863428671624,-0.8418321588725176,5.32,0,-0.0658084569652402,-0.0658084569652402,-0.08734012071969414,-0.08734012071969414,2019.0,0.0004955401387511937,0.09,0.0,-0.82,0.12,1.7,0.07000000000000006,-0.82,0.12,94.04000091552734,0.0015963556376313913,0.005865777553983065,-0.030922439538178668
2020-11-01,0.10214644831840361,0.10432296937326,0.11646910508413129,-0.05561259406631994,-0.10212922186321224,0.02687073664282686,0.05696449505249289,-0.10000506534292375,-0.10000506534292375,0.3031266091323794,0.024108999775969597,0.028784331231864416,0.07885266174925329,0.055841830298023566,0.08761312149642522,0.07038068005491405,20.57,0.16,0.84,0.6799999999999999,0.011757452138405844,-0.7320075757575757,4.33,0,0.0,-0.0658084569652402,0.0,-0.08734012071969414,2019.0,0.0004955401387511937,0.09,0.0,-0.93,-0.1100000000000001,1.77,0.07000000000000006,-0.93,-0.1100000000000001,91.87000274658205,-0.023345669227606357,-0.0029345887038229324,0.10639200493774656
2020-12-01,0.03644899728321611,0.0492980412418144,0.030541295465963743,0.06637496567531723,0.0068199407950594315,0.06123085653393292,0.06207270253562224,-0.038240806402593516,-0.10000506534292375,0.4587350464761936,0.023623276217398247,0.02540764497335203,0.06510197489945341,0.05563741845034857,0.06884611931585674,0.06989594814004844,22.75,0.13,0.93,0.8,0.013204191315779434,-0.7610603290676416,3.86,0,0.0,-0.0658084569652402,0.0,-0.08734012071969414,2020.0,0.0004952947003467045,0.09,0.0,-1.06,-0.13,1.99,0.21999999999999997,-1.06,-0.13,89.94000244140625,-0.021231755692378573,-0.04298106928235354,0.04786056300552535
2021-01-01,-0.011199116821942242,0.0028744490742311332,-0.00824687335872115,-0.029880494254744303,-0.019118122645746964,0.06430165790861604,0.043449446687520696,-0.06655354067470373,-0.10000506534292375,0.15463782274374324,-0.006570325870100217,0.0021845475753249108,0.05691179577100492,0.05687242402919315,0.05078499597400002,0.06930556790620486,33.09,0.11,1.11,1.0,0.013738437137002402,-0.759229975936748,3.84,0,-0.011136640158463601,-0.0658084569652402,0.0,-0.08734012071969414,2020.0,0.0004952947003467045,0.09,0.0,-1.02,0.040000000000000036,2.13,0.1399999999999999,-1.02,0.040000000000000036,90.58000183105467,0.007090649855452873,-0.03748677506453206,0.002610086014097062
2021-02-01,0.02575689966712559,-0.0012339936583808913,0.011786754758650007,-0.06462788142110888,-0.02813341000053591,0.06786535742262832,0.048099999613017086,-0.12497214061391958,-0.12497214061391958,0.36117326465654404,-0.0058095255888703425,0.01656040856914595,0.025001369575653444,0.05240880753313617,0.02806396195177387,0.0585970170620213,27.95,0.14,1.44,1.2999999999999998,0.016698167791706853,-0.6501160092807424,3.57,0,0.0,-0.0658084569652402,-0.001233232601285122,-0.08734012071969414,2020.0,0.0004952947003467045,0.08,-0.009999999999999995,-0.71,0.31000000000000005,2.15,0.020000000000000018,-0.71,0.31000000000000005,90.93000030517578,0.0038565247511365883,-0.010284581085789111,-0.001336014910312455
2021-03-01,0.04156280869744297,0.013999754820055051,0.034890097000371274,-0.011545542833623421,-0.10605391850947656,0.026960730790109667,0.04706509452297247,-0.13501671563164824,-0.13501671563164824,0.19960474235387002,-0.028396097952418094,-0.01069528911674803,0.027078265267947776,0.045687139509587936,0.007881611746435755,0.047871117171533875,19.4,0.16,1.74,1.58,0.026678187820641908,0.3310914093549375,3.36,0,0.0,-0.0658084569652402,0.0,-0.08734012071969414,2020.0,0.0004952947003467045,0.07,-0.009999999999999995,-0.63,0.07999999999999996,2.37,0.2200000000000002,-0.63,0.07999999999999996,93.2300033569336,0.02497961122162902,0.03592678582821848,0.01702200814581477
2021-04-01,0.05109732211429392,0.05710324480242805,0.037448176405248536,0.03469687065298441,-0.04147655360174784,0.04970161273299389,0.05156204729950774,-0.10447776314456488,-0.13501671563164824,-0.09675954304512664,0.024884132501073592,0.0022466870829779724,0.012798897844292036,0.036929572253541015,0.030257812579557942,0.04059554776210135,18.61,0.16,1.65,1.49,0.04133077115360573,0.12160082093381197,3.28,0,0.0,-0.011136640158463601,0.0,-0.001233232601285122,2020.0,0.0004952947003467045,0.07,0.0,-0.76,-0.13,2.41,0.040000000000000036,-0.76,-0.13,91.27999877929688,-0.021137902134963932,0.0076982338378016775,0.057417844833289475
2021-05-01,0.00547150655202215,-0.012651150119514554,0.0075469790944087175,0.07558519507420414,0.09873652289356519,0.0435927772446382,0.056026310326659425,-0.03416573802046401,-0.13501671563164824,-0.39420494551213975,0.01680004874367668,0.028214914722141327,0.024066588466068527,0.023573984320358315,0.03519909372338228,0.02850450045373849,16.76,0.14,1.58,1.44,0.04918257089467626,0.19006798699379246,3.34,0,0.0,-0.011136640158463601,-0.01257146072798317,-0.01257146072798317,2020.0,0.0004952947003467045,0.06,-0.010000000000000009,-0.84,-0.07999999999999996,2.42,0.009999999999999787,-0.84,-0.07999999999999996,90.02999877929688,-0.013788757619111322,-0.009947048532446233,-0.012085091589301824
2021-06-01,0.02197084004586202,0.06151015992695324,0.0021137867683528257,-0.0743020384463273,0.03598002728086132,0.07747988989758706,0.05800396936880559,-0.10332793030088137,-0.13501671563164824,0.007948969303835008,-0.030567726767034613,-0.026985000154674917,0.023102290684208777,0.022880846748960477,0.041603277955086844,0.03145022638172347,15.83,0.25,1.45,1.2,0.05295632620349999,-0.15396825396825398,3.04,0,0.0,-0.011136640158463601,0.0,-0.01257146072798317,2020.0,0.0004952947003467045,0.08,0.020000000000000004,-0.87,-0.030000000000000027,2.32,-0.10000000000000009,-0.87,-0.030000000000000027,92.44000244140624,0.026416877255354857,-0.008509782498720395,0.060738947896047175
2021-07-01,0.02249322924674322,0.027452451911313208,-0.0007349089903657742,0.024386552733781888,0.025669709361658792,0.07618718371994024,0.05882331394019092,-0.08119238172424272,-0.13501671563164824,0.08745726688060339,0.0001770650212678471,0.004868611462596361,0.009680219864188093,0.016103758299014507,0.03712170586717379,0.03031181313130499,18.24,0.19,1.24,1.05,0.05245169381309234,0.030382705229330842,3.32,0,0.0,0.0,0.0,-0.01257146072798317,2020.0,0.0004952947003467045,0.1,0.020000000000000004,-1.16,-0.2899999999999999,2.4,0.08000000000000007,-1.16,-0.2899999999999999,92.16999816894533,-0.0029251336773783417,0.009702985958865196,0.02820758636282196
2021-08-01,0.02857805096868915,0.040775843414199264,0.012351768115812047,-0.00024259934286345456,-0.0501580850554088,0.05136606156054301,0.05054213897794727,-0.08141525681288624,-0.13501671563164824,0.20173405257815066,-0.004368313488290507,-0.01017527898328006,0.003673172607882599,0.01606424435121211,0.017162712089821824,0.027978681635602236,16.48,0.2,1.3,1.1,0.05152015301793966,0.5819063004846525,3.21,0,0.0,0.0,0.0,-0.01257146072798317,2020.0,0.0004952947003467045,0.09,-0.010000000000000009,-1.03,0.1299999999999999,2.33,-0.06999999999999984,-1.03,0.1299999999999999,92.62999725341795,0.004978355475315246,0.028470099053291762,0.04132102786284475
2021-09-01,-0.04873776298462272,-0.059008009532377864,-0.0046853132143941205,-0.031694090543774235,-0.00755013715285574,0.028109399321223603,0.05273017328517352,-0.11007243440380916,-0.11007243440380916,-0.16002473130882844,-0.019426387686376514,-0.02089660066861156,0.04298956151772179,0.0338571490903202,0.05417524259760964,0.04667207741107275,23.14,0.28,1.52,1.24,0.05351215590949132,0.666993784756297,3.15,0,-0.04756914042116628,-0.04756914042116628,-0.05730078145305213,-0.05730078145305213,2020.0,0.0004952947003467045,0.08,-0.009999999999999995,-0.85,0.18000000000000005,2.37,0.040000000000000036,-0.85,0.18000000000000005,94.25,0.017337792713291503,0.019391014511228412,-0.05851011153036221
2021-10-01,0.06685820979817365,0.07605803096666074,0.021105238210022793,0.014648333872590241,-0.017288356014047386,0.02365923530595248,0.05106086300422383,-0.09694053287407563,-0.11007243440380916,0.3868758932370717,-0.0019531762598175603,0.0156273892424242,0.058886238588873915,0.03774741832035646,0.07005293874806275,0.05025499662600601,16.26,0.48,1.55,1.07,0.06235042390298062,0.9173754556500606,3.15,0,0.0,-0.04756914042116628,0.0,-0.05730078145305213,2020.0,0.0004952947003467045,0.08,0.0,-0.96,-0.10999999999999999,2.51,0.13999999999999968,-0.96,-0.10999999999999999,94.12000274658205,-0.0013802332872541179,0.020935914901352635,0.07570102210336231
2021-11-01,-0.0083686511009886,0.01784868990092162,-0.024918369912573783,-0.004418492873428223,-0.021464249544612155,0.023292067359309873,0.036053316251382396,-0.1009218924121163,-0.11007243440380916,-0.04401326289118568,-0.019303426681375455,-0.028739122341186016,0.05866738832692924,0.03893153005932501,0.06774722003051228,0.04747122325647451,27.19,0.52,1.43,0.9099999999999999,0.06901970403700863,0.03769140164899887,3.67,0,-0.008333731418471463,-0.04756914042116628,0.0,-0.05730078145305213,2020.0,0.0004952947003467045,0.08,0.0,-1.07,-0.1100000000000001,2.5,-0.009999999999999787,-1.07,-0.1100000000000001,95.98999786376952,0.019673404079860214,0.0356309635058976,0.019771629167771622
2021-12-01,0.042688611280446646,0.011348408703315535,0.04502148083307907,0.030264818014934684,0.04049465901409677,0.017370235621649115,0.022664703415768976,-0.07329551210616961,-0.11007243440380916,-0.2107626687900653,0.0033018295701893003,0.016897357450146873,0.03840593299464886,0.04068074173395605,0.03563218642468298,0.04460119828673464,17.22,0.73,1.52,0.79,0.07174340285065539,-0.06911502167814332,3.1,0,0.0,-0.04756914042116628,0.0,-0.05730078145305213,2021.0,0.0004950495049504955,0.08,0.0,-1.04,0.030000000000000027,2.56,0.06000000000000005,-1.04,0.030000000000000027,95.66999816894533,-0.0033392465699278884,0.014953924222678211,0.011457565481494101
2022-01-01,-0.05401814986501885,-0.08902029097741765,0.01075240797102226,-0.017729347581189655,0.008116977560316867,0.024777512783766296,0.022158253266123355,-0.08958058960591639,-0.11007243440380916,-0.21934278711695804,-0.012765622601139451,-0.005895784362250589,0.04837857382240621,0.04970091417989751,0.059912587165558466,0.06213010236658565,24.83,1.18,1.79,0.6100000000000001,0.07558805726967832,-0.098229583095374,3.63,0,-0.05258508910699976,-0.05258508910699976,-0.08517298934809148,-0.08517298934809148,2021.0,0.0004950495049504955,0.08,0.0,-0.65,0.39,2.44,-0.1200000000000001,-0.65,0.39,96.54000091552734,0.00905268916494745,0.025386846674879778,-0.09153450595269123
2022-02-01,-0.0318627908789231,-0.047474858485537834,-0.0008202313458517517,0.06017189219777938,0.07270736263152447,0.039299016477402325,0.03362116878564933,-0.03311721203525484,-0.11007243440380916,0.0005289466151730813,-0.0010065784756214196,-0.001734554159530525,0.050663874616563125,0.049969113167317135,0.05043159657613737,0.06088539173376341,30.15,1.44,1.83,0.3900000000000001,0.07937278766517819,-0.381078691423519,3.77,1,-0.08229651418956076,-0.08229651418956076,-0.12758944809094075,-0.12758944809094075,2021.0,0.0004950495049504955,0.08,0.0,-0.79,-0.14,2.62,0.18000000000000016,-0.79,-0.14,96.70999908447266,0.0017593605463971306,0.007472803141416694,-0.04579258090664556
2022-03-01,0.035148238386268404,0.041323378518807775,0.007670702560598977,0.014794515427679943,0.057237060044269726,0.03912695393769649,0.027247037338755224,-0.018706311417282982,-0.1009218924121163,0.21730437416221773,-0.013747647849010248,-0.021288695034742212,0.046425536738527916,0.047131400340421174,0.0665840596961945,0.06016865713155139,20.56,2.28,2.32,0.040000000000000036,0.08572204966013852,-0.5192926045016077,3.43,0,-0.04946728826859255,-0.08229651418956076,-0.09078325596443156,-0.12758944809094075,2021.0,0.0004950495049504955,0.2,0.12000000000000001,-0.52,0.27,2.84,0.21999999999999975,-0.52,0.27,98.30999755859376,0.016408926282936755,0.02722097599428134,0.04562218293547113
2022-04-01,-0.09206783296043518,-0.1435071980923397,0.003833943487401054,-0.021325050053606093,0.05364135757185329,0.04083601541412956,0.0313318436053308,-0.03941090061797187,-0.1009218924121163,-0.16517195122974823,-0.047982705155585656,-0.043772519036612605,0.06363837147521739,0.052107763610342285,0.09243887998369982,0.07157373589303047,33.4,2.7,2.89,0.18999999999999995,0.08231750770777224,-0.45150960658737416,3.97,0,-0.13307302703632679,-0.13307302703632679,-0.21233229248876234,-0.21233229248876234,2021.0,0.0004950495049504955,0.33,0.13,0.01,0.53,2.88,0.040000000000000036,0.01,0.53,102.95999908447266,0.04621482785072315,0.06438311468005704,-0.14613320342320352
2022-05-01,5.3242466203463356e-05,-0.016684768288620644,0.008330186150228713,-0.03147529667392158,-0.03800583129984767,0.024319217465918114,0.03553751807195432,-0.0691748556377267,-0.08958058960591639,-0.22614403269939354,0.01732031513862158,0.001993907725458105,0.0657037290738755,0.05253337902698753,0.09452620081910314,0.06776970761285242,26.19,2.53,2.85,0.3200000000000003,0.08538171195642064,-0.397913561847988,4.22,0,-0.13302686847748105,-0.13307302703632679,-0.22536531683668215,-0.22536531683668215,2021.0,0.0004950495049504955,0.77,0.44,0.21,0.19999999999999998,2.64,-0.23999999999999977,0.21,0.19999999999999998,101.75,-0.011821730073098597,0.0508020240605613,-0.01599308967086171
2022-06-01,-0.0876515744801734,-0.09436205283736132,-0.05935040328503897,-0.01669243252385385,-0.06949277925138146,0.007561103580271993,0.034213797367646855,-0.08458362881167061,-0.08958058960591639,-0.4496517346493629,-0.02379695396010662,-0.03435893065580024,0.05195820562773251,0.04996120658554649,0.0639439005930433,0.06523542345716883,28.71,2.92,2.98,0.06000000000000005,0.08979361103105798,-0.31600107209863304,5.87,0,-0.20578324780012508,-0.20578324780012508,-0.29511865137915994,-0.29511865137915994,2021.0,0.0004950495049504955,1.21,0.43999999999999995,0.65,0.44000000000000006,2.33,-0.31000000000000005,0.65,0.44000000000000006,104.69000244140624,0.028484801328897424,0.06287789910652197,-0.09329887912376646
2022-07-01,0.08720134427422459,0.11826855777890422,0.034835983359854224,-0.025885281882467734,-0.0740530110802431,0.0074642460791234586,0.03511191311537535,-0.10797538243339072,-0.10797538243339072,0.16541343009947795,-0.025100827034830728,0.00021352430151903493,0.08742660708776513,0.0702687758869947,0.10759332175883368,0.09417478387854089,21.33,2.89,2.67,-0.2200000000000002,0.08462576727730098,-0.18684434363481706,4.83,0,-0.13341711811135967,-0.20578324780012508,-0.2066233743952236,-0.29511865137915994,2021.0,0.0004950495049504955,1.68,0.47,0.14,-0.51,2.53,0.19999999999999973,0.14,-0.51,105.9000015258789,0.011491641364435898,0.028154712620234727,0.11824290061196793
2022-08-01,-0.04336702120583717,-0.05361632988994396,-0.0189404597850235,-0.028738967305495952,-0.07131668171181749,0.006295117156298539,0.0170120024425521,-0.13324637827980956,-0.13324637827980956,-0.18455336609623066,-0.016762511477979566,-0.047110251646684385,0.09090541138987511,0.07097876796129174,0.11285418698368116,0.09451711078543827,25.87,3.45,3.15,-0.30000000000000027,0.08222579178218825,-0.46895424836601307,5.03,0,-0.17019499892996073,-0.20578324780012508,-0.24804106352419836,-0.29511865137915994,2021.0,0.0004950495049504955,2.33,0.6500000000000001,0.67,0.53,2.48,-0.04999999999999982,0.67,0.53,108.6999969482422,0.0260964990360768,0.06607294172941013,-0.052686075661880535
2022-09-01,-0.09804919930362435,-0.11204720871027525,-0.05507684721644025,-0.02925235851708001,-0.08387660770504364,0.001814033080052611,0.005575023352386155,-0.15823371492250024,-0.15823371492250024,-0.02315032415865572,-0.025248930872509602,-0.03958540198116046,0.09518053246466388,0.07230626818242109,0.11972463858242023,0.09380629070421362,31.62,4.22,3.83,-0.3899999999999997,0.08192106896425821,-0.5086342229199372,5.43,0,-0.2476952192321734,-0.2476952192321734,-0.3277471679060397,-0.3277471679060397,2021.0,0.0004950495049504955,2.56,0.22999999999999998,1.68,1.0099999999999998,2.15,-0.33000000000000007,1.68,1.0099999999999998,112.12000274658205,0.030977984741280003,0.06856612514179271,-0.11132855194035493
2022-10-01,0.07683460219574133,0.03882635206633214,0.028700157066489117,-0.017641606450853456,-0.07563293227342936,0.006560291558786714,0.006291594629260746,-0.17295360145881872,-0.17295360145881872,0.05788976495579135,0.008585139063430853,0.026799032711622744,0.08946406624707165,0.07997633735840959,0.07607304427149598,0.08685869104624329,25.88,4.51,4.1,-0.41000000000000014,0.07758813957693,-0.48669201520912553,4.63,0,-0.18761356054534245,-0.2476952192321734,-0.3011327150357106,-0.3277471679060397,2021.0,0.0004950495049504955,3.08,0.52,1.58,-0.09999999999999987,2.52,0.3700000000000001,1.58,-0.09999999999999987,111.52999877929688,-0.005276148732014348,0.05179833504534246,0.03921927720312024
2022-11-01,0.052357944725214406,0.05330668493804355,0.0652718279290641,0.07992798229404816,0.033034017326114745,0.059965241363958435,0.042628070740572094,-0.10413585249721408,-0.17295360145881872,-0.22221634202617624,0.051720117063371394,0.050167978591580585,0.09469755343787124,0.08414197065511261,0.09157366936529623,0.09193432585487592,20.58,4.38,3.68,-0.6999999999999997,0.07122856456533988,-0.4646992054483542,4.55,0,-0.14394546576083994,-0.2476952192321734,-0.2628675839824315,-0.3277471679060397,2021.0,0.0004950495049504955,3.78,0.6999999999999997,1.34,-0.24,2.34,-0.18000000000000016,1.34,-0.24,105.9499969482422,-0.051326346150827235,-0.025624510141561578,0.05395938922030727
2022-12-01,-0.060781799048487496,-0.09500465859490347,-0.016148330344917777,0.030550008879448715,0.09283638472264347,0.048785996444550145,0.044657157572624236,-0.0763448485462466,-0.17295360145881872,0.007601199129179907,0.027973123271880514,0.0024017569208154986,0.07341432906628992,0.07925171151841229,0.08176865136390492,0.09205497391449491,21.67,4.41,3.88,-0.5300000000000002,0.06404600402357152,-0.33534246575342475,4.81,0,-0.19442824232404152,-0.2476952192321734,-0.32967485453502676,-0.32967485453502676,2022.0,0.0004948045522019662,4.1,0.31999999999999984,1.58,0.24,2.3,-0.040000000000000036,1.58,0.24,103.5199966430664,-0.02320245758583797,-0.07980495246867955,-0.09446088424372476
2023-01-01,0.05992115787903165,0.10096108510507684,0.042041368499010016,0.05588165057191269,0.16635964174540963,0.024691774604306493,0.047043617980769344,-0.023260054705703612,-0.17295360145881872,0.3135573079614687,0.01457808540915852,0.01870071132788601,0.06761041293745061,0.07402120442746493,0.10220059456750873,0.08744868134040139,19.4,4.21,3.52,-0.69,0.06327178517960097,-0.11399620012666245,4.3,0,-0.1446819045860627,-0.2476952192321734,-0.25846380654996787,-0.32967485453502676,2022.0,0.0004948045522019662,4.33,0.23000000000000043,1.28,-0.30000000000000004,2.24,-0.05999999999999961,1.28,-0.30000000000000004,102.0999984741211,-0.013812088099040614,-0.08834089183570581,0.1011376255000929
2023-02-01,-0.02645943030685264,-0.0049544399008178835,0.013366780518836437,-0.05406261153081822,0.03236904792054324,0.05757419614845023,0.052576249705244354,-0.07466315469557293,-0.17295360145881872,0.03270424722807663,-0.026361499643727936,-0.023152661327996992,0.06219436579844221,0.07244472848141666,0.09808985084096208,0.08495601897197376,20.7,4.81,3.92,-0.8899999999999997,0.05957820738137087,0.02928571428571436,4.22,0,-0.16701635271852933,-0.2476952192321734,-0.2621286170165832,-0.32967485453502676,2022.0,0.0004948045522019662,4.57,0.2400000000000002,1.49,0.20999999999999996,2.43,0.18999999999999995,1.49,0.20999999999999996,104.87000274658205,0.026768803810989318,-0.01024574187388927,-0.0036041369452659427
2023-03-01,0.03445125384186044,0.090392447635395,-0.031539844706358275,0.07587374935896421,0.07769278840005873,0.06996532791855432,0.054016039354881466,-0.0017222165940634642,-0.17295360145881872,0.17848228921653858,0.02484130144883596,0.024775090134792174,0.044385495886355944,0.054257742691534105,0.05833927136169786,0.07231836983955964,18.7,4.06,3.48,-0.5799999999999996,0.04917719362889961,0.7486860965121835,4.58,0,-0.13781896613220648,-0.19442824232404152,-0.19232319939608136,-0.32967485453502676,2022.0,0.0004948045522019662,4.65,0.08000000000000007,1.16,-0.33000000000000007,2.32,-0.11000000000000032,1.16,-0.33000000000000007,102.51000213623048,-0.022761138402113967,-0.009804422690165265,0.09068794154585302
2023-04-01,0.014536196592679839,0.004891913367541171,0.030814620264610803,0.009328185577762134,0.03113932340590818,0.06497456309754233,0.05041860287822094,0.0,-0.10413585249721408,0.05476207566552783,0.01593418695670728,0.018518899041228307,0.03105737264480071,0.047352563950428646,0.05243777422751786,0.07287005032081277,15.78,4.04,3.44,-0.6000000000000001,0.049500798791243694,0.4487072560467058,4.53,0,-0.1251946002878617,-0.19442824232404152,-0.18836243449787013,-0.32967485453502676,2022.0,0.0004948045522019662,4.83,0.17999999999999972,1.26,0.10000000000000009,2.18,-0.13999999999999968,1.26,0.10000000000000009,101.66999816894533,-0.008228119357263728,-0.004220453948388379,0.005066141256830467
2023-05-01,0.002479248057984054,0.07334901795924999,-0.05543470942921251,-0.013329482311465352,0.07187245262526104,0.04636611282963907,0.04730601538779782,-0.013241038169780834,-0.0763448485462466,-0.06716936946893871,-0.030656248077859962,-0.010285210834294924,0.016146148493529668,0.04310970582945649,0.045253351670150946,0.07486300817866455,17.94,4.4,3.64,-0.7600000000000002,0.04131851231385042,0.3795379537953796,4.69,0,-0.12302304990579464,-0.19442824232404152,-0.12659190396125508,-0.32967485453502676,2022.0,0.0004948045522019662,5.06,0.22999999999999954,1.46,0.19999999999999996,2.18,0.0,1.46,0.19999999999999996,104.31999969482422,0.02573083897567525,-0.0052584187837024475,0.0758845849410946
2023-06-01,0.06271890993761445,0.0628828453756421,0.011402431107931052,-0.022016719389375543,-0.026018016123078705,0.016183021296126462,0.049207173746347435,-0.034728820119943514,-0.07466315469557293,0.09237109278412742,0.02093565906737197,0.020725594576827315,0.03187412936489568,0.0346276061728685,0.03687561102950934,0.04442567932817228,13.59,4.87,3.81,-1.06,0.03070617072997095,0.07523510971786829,4.05,0,-0.06625851310693263,-0.16701635271852933,-0.06990590732398376,-0.2621286170165832,2022.0,0.0004948045522019662,5.08,0.020000000000000462,1.59,0.13000000000000012,2.22,0.040000000000000036,1.59,0.13000000000000012,102.91000366210938,-0.013608239819407663,0.003894479799003857,0.06113117342138982
2023-07-01,0.030663933087959953,0.037357982527402696,0.022045494124229473,0.023363287816637157,-0.01198291388420368,0.02408724600883009,0.04452796821062065,-0.011911404686141115,-0.07466315469557293,-0.04033754407542224,0.007785834134379109,0.010870097869340378,0.030140545434245818,0.0304707731326391,0.018513121578255416,0.03831522113084204,13.63,4.88,3.97,-0.9099999999999997,0.03287749268428297,-0.03695955369595527,3.79,0,-0.03718281726665804,-0.16701635271852933,-0.03450228185155955,-0.2621286170165832,2022.0,0.0004948045522019662,5.12,0.040000000000000036,1.6,0.010000000000000009,2.37,0.1499999999999999,1.6,0.010000000000000009,101.86000061035156,-0.010255527985032,0.0018670711712355844,0.037874871967637946
2023-08-01,-0.01787524701848843,-0.016375657179259772,-0.03438979602365102,-0.013047882432773513,-0.011701314005511844,0.024033166004861894,0.03638382805342295,-0.024720123462375624,-0.034728820119943514,-0.06914619964362013,-0.014303749236751555,-0.013006286571622519,0.04057707004722219,0.0279668407528231,0.04045724674845462,0.04139303683395793,13.57,4.85,4.09,-0.7599999999999998,0.03722504803505289,-0.3061538461538461,3.85,0,-0.05424050287651755,-0.13781896613220648,-0.0501841902735771,-0.19232319939608136,2022.0,0.0004948045522019662,5.33,0.20999999999999996,1.85,0.25,2.24,-0.1299999999999999,1.85,0.25,103.62000274658205,0.01713106044441282,-0.00673270736002685,-0.014941325833115936
2023-09-01,-0.04994608771197091,-0.05202536236034798,0.022456933911269846,-0.04836785136026228,-0.038052445976398584,0.03586695287583942,0.02498317390052547,-0.0707696793296033,-0.0707696793296033,-0.009491076905724696,-0.025179943439651818,-0.038022624273800425,0.040584410557007095,0.038995870170687404,0.04499553285039589,0.04839225686276003,17.52,5.03,4.59,-0.4400000000000004,0.03687206638119256,-0.32028753993610226,4.03,0,-0.1003172351862498,-0.1251946002878617,-0.09833530227793003,-0.18836243449787013,2022.0,0.0004948045522019662,5.33,0.0,2.24,0.3900000000000001,2.35,0.10999999999999988,2.24,0.3900000000000001,106.16999816894533,0.024311177886105675,0.031186710345486493,-0.05213435078980573
2023-10-01,-0.02222483997777142,-0.020976548720987143,-0.03836556738585278,0.07109364107032053,0.009677907277284785,0.061370927368207415,0.04188405620649856,-0.0023023521191190372,-0.0707696793296033,0.2444611016291174,0.0006335068597517975,-0.004008087235739225,0.017396960259573328,0.04045374467787235,0.01939114278430938,0.05091721580471347,18.14,5.07,4.88,-0.1900000000000004,0.032512659098611785,-0.30987654320987656,4.42,0,-0.12009198141908196,-0.12302304990579464,-0.11705212229351812,-0.12659190396125508,2022.0,0.0004948045522019662,5.33,0.0,2.46,0.21999999999999975,2.42,0.06999999999999984,2.46,0.21999999999999975,106.66000366210938,0.00460467372783653,0.04604691205835502,-0.02087091691894542
2023-11-01,0.08542444438757674,0.10141813527422122,0.01787198840611868,0.025620139474965067,0.04834592918502337,0.06029526005267566,0.04249039454246389,0.0,-0.0707696793296033,0.09181324793839547,0.029101498495314092,0.03848134275600102,0.0715099258392697,0.05322830940909258,0.08112684971186435,0.058222229539076784,12.92,4.73,4.37,-0.3600000000000003,0.031333462745911866,-0.18999151823579297,3.84,0,-0.041622431381106065,-0.12009198141908196,-0.022806873495718104,-0.11705212229351812,2022.0,0.0004948045522019662,5.33,0.0,2.14,-0.31999999999999984,2.23,-0.18999999999999995,2.14,-0.31999999999999984,103.5,-0.030074626801453067,-0.0011587751875108653,0.10272634606769002
2023-12-01,0.04327897629406807,0.05359587089821501,0.036810659510628174,0.013192269247144305,0.10990604979242996,0.03048185297503,0.04019896205245541,0.0,-0.0707696793296033,0.1207665825813463,0.01360540391469663,0.009481582872614207,0.05424536670132521,0.05023516221746769,0.061682619659292656,0.0569220789578916,12.45,4.23,3.88,-0.35000000000000053,0.033159099427102934,-0.09315746084089027,3.39,0,0.0,-0.12009198141908196,0.0,-0.11705212229351812,2023.0,0.0004945598417409602,5.33,0.0,1.72,-0.42000000000000015,2.16,-0.06999999999999984,1.72,-0.42000000000000015,101.33000183105467,-0.02118907717498485,-0.046659030248601394,0.05436481551765174
2024-01-01,0.01577073041880103,0.018332724473864533,-0.013365373348326721,-0.011536138056359653,0.027276270665749773,0.018914434726562703,0.04074287716835194,-0.01146985195578797,-0.0707696793296033,0.01574978584504912,-0.02077402549718702,-0.0047807853528358,0.0350822460835466,0.049464061639363996,0.041700607416954305,0.05609620966554203,14.35,4.27,3.99,-0.27999999999999936,0.030883429864855705,-0.3187991422444604,3.59,0,0.0,-0.12009198141908196,0.0,-0.11705212229351812,2023.0,0.0004945598417409602,5.33,0.0,1.73,0.010000000000000009,2.26,0.09999999999999964,1.73,0.010000000000000009,103.2699966430664,0.018964349646495703,-0.032299354329942215,0.018028474097563064
2024-02-01,0.05042750432692709,0.05155103313334607,-7.208109257083026e-05,0.0022650676409598025,0.00392119883174451,0.012392007783311768,0.03976703809589819,-0.009228226547145715,-0.0707696793296033,0.3473643755253836,-0.0008048364627556854,-0.004954240785484149,0.018297982684300145,0.049880132089857435,0.019795314628409038,0.05559319309184041,13.4,4.64,4.25,-0.3899999999999997,0.03157074141648697,-0.29562803608605137,3.29,0,0.0,-0.12009198141908196,0.0,-0.11705212229351812,2023.0,0.0004945598417409602,5.33,0.0,1.92,0.18999999999999995,2.33,0.07000000000000028,1.92,0.18999999999999995,104.16000366210938,0.0085813284418239,0.0063566009133347486,0.05148511861980202
2024-03-01,0.030547405358412088,0.011617126815586564,0.04141096759687323,0.0887851553960281,0.07951408498062831,0.05437609889127846,0.03981394790029695,0.0,-0.01146985195578797,0.12403674782925216,-0.0015745409299210114,3.960474465353216e-05,0.01739090008686464,0.036071581013972946,0.02138251682995509,0.04238851363038134,13.01,4.59,4.2,-0.3899999999999997,0.034868349120836584,-0.639344262295082,3.15,0,0.0,-0.12009198141908196,0.0,-0.11705212229351812,2023.0,0.0004945598417409602,5.33,0.0,1.88,-0.040000000000000036,2.32,-0.010000000000000231,1.88,-0.040000000000000036,104.5500030517578,0.003737241445341265,0.031282919533660865,0.012669076618018372
2024-04-01,-0.04250574745999363,-0.04561605139617313,0.023795988230887972,0.02298809394775584,0.11403831698474381,0.0451745184436326,0.03478963838708925,0.0,-0.01146985195578797,-0.09560021472941564,-0.011129246351405987,-0.010342407705252849,0.04893630342836577,0.042717430895129624,0.04883952613403273,0.049585899856225156,15.65,5.04,4.69,-0.34999999999999964,0.033607951262196734,-0.613126079447323,3.18,0,-0.04161504277408257,-0.041622431381106065,-0.04459128037780976,-0.04459128037780976,2023.0,0.0004945598417409602,5.33,0.0,2.28,0.3999999999999999,2.41,0.0900000000000003,2.28,0.3999999999999999,106.22000122070312,0.015846971422368624,0.028165541309533786,-0.044723033910951566
2024-05-01,0.046903838078814306,0.06094387149372136,0.015987419306249414,0.01815703691333491,0.12993028625711892,0.03945656584081392,0.034834312323723325,0.0,-0.01146985195578797,0.08075904728569672,0.016933490120360134,0.019747545364145892,0.047606669725763925,0.03500928953981689,0.053328825218420466,0.04006193609695707,12.92,4.89,4.51,-0.3799999999999999,0.03244278584003113,-0.5735645933014354,3.2,0,0.0,-0.04161504277408257,0.0,-0.04459128037780976,2023.0,0.0004945598417409602,5.33,0.0,2.16,-0.11999999999999966,2.35,-0.06000000000000005,2.16,-0.11999999999999966,104.66999816894533,-0.014699900113272034,0.0048843127544378525,0.05970009103726261
2024-06-01,0.03408230240557078,0.05999886091269854,-0.013535898142227182,-0.0011347494560657403,0.04001038140502507,0.012763383219701552,0.03605390019510302,-0.0011341058713605502,-0.01146985195578797,-0.1069849723176898,-0.01298587040074652,-0.008130702571632684,0.04834631172670061,0.03419188508898149,0.061251421634262206,0.04104692636734932,12.44,4.71,4.36,-0.34999999999999964,0.029702579486470926,-0.5080174927113703,3.21,0,0.0,-0.04161504277408257,0.0,-0.04459128037780976,2023.0,0.0004945598417409602,5.33,0.0,2.08,-0.08000000000000007,2.28,-0.07000000000000028,2.08,-0.08000000000000007,105.87000274658205,0.01139942592505981,0.012546497234156398,0.06269433230614298
2024-07-01,0.011257742193535576,-0.016414123823977646,0.024663573745656454,0.05132468924606443,0.06834697670333366,0.02653381142218984,0.03416872925114451,0.0,-0.009228226547145715,0.07594204987815806,0.010771663519601073,0.016919444004039216,0.01805545382867074,0.03441940103781615,0.0443923730704174,0.04466045855685388,16.36,4.29,4.09,-0.20000000000000018,0.029414757935583014,-0.29833454018826944,3.25,0,0.0,-0.04161504277408257,-0.01628014613722484,-0.04459128037780976,2023.0,0.0004945598417409602,5.33,0.0,1.85,-0.22999999999999998,2.24,-0.03999999999999959,1.85,-0.22999999999999998,104.0999984741211,-0.01685999133515172,-0.020160465523363945,-0.01692357958448892
2024-08-01,0.022577879038739614,0.010900260402339886,0.001033168377100923,0.02218192108313836,0.07237186087313711,0.026283584135902604,0.03177249383163462,0.0,-0.0011341058713605502,-0.10832709699309714,0.02069486943808134,0.02125529235029971,0.011412404100146632,0.031541949116750505,0.03872056386061984,0.04198309277323016,15.0,3.91,3.91,0.0,0.02607144490692037,0.0022172949002217113,3.17,0,0.0,-0.04161504277408257,-0.005498689977630273,-0.04459128037780976,2023.0,0.0004945598417409602,5.33,0.0,1.76,-0.09000000000000008,2.15,-0.0900000000000003,1.76,-0.09000000000000008,101.6999969482422,-0.023324687916042128,-0.02878525332613404,0.010978186555231978
2024-09-01,0.01999561838794891,0.02452732784864788,-0.016815555869940976,0.051476391580456866,0.12498300190965972,0.016869548262646677,0.020485908614629948,0.0,-0.0011341058713605502,0.1015214309880532,0.007480882116375503,0.018259146179047375,0.00593245380164156,0.0309334591660959,0.020848561173019812,0.042193193852559895,16.73,3.66,3.81,0.1499999999999999,0.024264830315416708,0.1186839012925971,3.03,0,0.0,-0.04161504277408257,0.0,-0.04459128037780976,2023.0,0.0004945598417409602,5.13,-0.20000000000000018,1.63,-0.13000000000000012,2.18,0.03000000000000025,1.63,-0.13000000000000012,100.77999877929688,-0.00908736190716393,-0.04927204115835779,0.025878346587634764
2024-10-01,-0.009946079220551969,-0.008523969970102597,-0.01551993126198037,0.04143735092561159,0.11509566358920686,0.014886906536765361,0.02105025521890078,0.0,-0.0011341058713605502,0.09427468941087207,-0.022741255928985134,-0.03599720396573699,0.018078445667883417,0.019483393069334557,0.016610167469813565,0.033158510482075826,23.16,4.16,4.28,0.1200000000000001,0.02578844053871343,0.12701252236135963,2.88,1,-0.009896780552817494,-0.009896780552817494,-0.008487743941011025,-0.01628014613722484,2023.0,0.0004945598417409602,4.83,-0.2999999999999998,1.95,0.32000000000000006,2.33,0.1499999999999999,1.95,0.32000000000000006,103.9800033569336,0.03125869410008682,-0.0011533557231192468,-0.008683977806562953
2024-11-01,0.055719767688528744,0.05096300549415316,0.02161402398323772,-0.03548863522864383,0.057425107277424677,0.047576789808655595,0.03448474934680713,-0.034866297308467506,-0.034866297308467506,0.2790748030536821,-0.028294502275080447,-0.012227512622678962,0.032875329020446965,0.022012859318019565,0.02980473561356093,0.03098765155262939,13.51,4.13,4.18,0.04999999999999982,0.02719472461284833,-0.09319371727748682,2.74,0,0.0,-0.009896780552817494,0.0,-0.01628014613722484,2023.0,0.0004945598417409602,4.64,-0.1900000000000004,1.92,-0.030000000000000027,2.26,-0.07000000000000028,1.92,-0.030000000000000027,105.73999786376952,0.016784625364647164,0.038955957557570045,0.052125818889170804
2024-12-01,-0.025307691689834075,0.0039005793980183296,-0.013885736877913219,-0.009808535065781955,-0.0038598193688141377,0.03916464332622447,0.035787280766807913,-0.04428657001207117,-0.04428657001207117,-0.032292893123369096,-0.02186761700739427,-0.018458407863720723,0.043037641976250415,0.028143934248623433,0.0313792437420551,0.024343754702579407,17.35,4.25,4.58,0.33000000000000007,0.028706909675099812,-0.3627272727272727,2.92,0,-0.02499013656301493,-0.02499013656301493,0.0,-0.01628014613722484,2024.0,0.0004943153732082095,4.48,-0.15999999999999925,2.24,0.3200000000000003,2.34,0.08000000000000007,2.24,0.3200000000000003,108.48999786376952,0.025674752539151725,0.07371807200388569,0.004530063734285929
2025-01-01,0.026657822062382253,0.021929689722939544,0.05948694830709625,0.06515366727321648,0.019856496978790744,0.052293518363119594,0.03853365777472385,0.0,-0.04428657001207117,0.12647330718230815,0.0020262453864263014,-0.008975438174706318,0.04104968630903514,0.02871719470253585,0.02374466323841059,0.02046579109743638,16.43,4.22,4.58,0.3600000000000003,0.029909783078999608,-0.24344176285414476,2.68,0,0.0,-0.02499013656301493,0.0,-0.008487743941011025,2024.0,0.0004943153732082095,4.33,-0.15000000000000036,2.16,-0.08000000000000007,2.42,0.08000000000000007,2.16,-0.08000000000000007,108.37000274658205,-0.0011066598643936906,0.04135271803940519,0.02140326962955354
2025-02-01,-0.014344520215520212,-0.028028535786859446,0.015532493674378409,0.018976122893736545,0.07432125510117112,0.037815900355710766,0.03856103334965757,0.0,-0.04428657001207117,-0.21692151136095073,-8.675493183118938e-05,0.014331825226059398,0.027391597922785463,0.03064678485435301,0.02529934620922425,0.02776346295143947,19.63,3.99,4.24,0.25,0.028015834477613355,-0.35665024630541875,2.87,0,-0.014242127760312381,-0.02499013656301493,-0.027639380670032868,-0.027639380670032868,2024.0,0.0004943153732082095,4.33,0.0,1.86,-0.30000000000000004,2.38,-0.040000000000000036,1.86,-0.30000000000000004,107.61000061035156,-0.007037737395204336,0.01753035527955369,-0.027406850249124655
2025-03-01,-0.05926680278196916,-0.0800150558502111,-0.026096561885278483,0.08982955230620056,0.17395934247315364,0.035966357814367994,0.04674363860241591,0.0,-0.04428657001207117,-0.029075489592986167,0.042122913978911554,0.02664628110411305,0.04297721236868188,0.040388423089713486,0.05097573559116051,0.0449229432120072,22.28,3.89,4.23,0.3400000000000003,0.02381981462805549,-0.01666666666666672,3.55,0,-0.07096728267221575,-0.07096728267221575,-0.10241153177313576,-0.10241153177313576,2024.0,0.0004943153732082095,4.33,0.0,1.85,-0.010000000000000009,2.38,0.0,1.85,-0.010000000000000009,104.20999908447266,-0.032105500665257775,-0.04024989792485581,-0.07889365112104922
2025-04-01,-0.007654154967354604,0.015062008882755839,-0.01030126818660503,0.05151899351556517,0.16032466871550233,0.03546581876179472,0.04748352122224959,0.0,-0.04428657001207117,0.14186097675432233,0.04589050571991473,0.03108521611219026,0.028067293755571314,0.04033644876048353,0.04760784519813585,0.04574833099884332,24.7,3.6,4.17,0.5699999999999998,0.0232538823025783,-0.09434523809523798,3.94,0,-0.07805109816522712,-0.07805109816522712,-0.08878971787476046,-0.10241153177313576,2024.0,0.0004943153732082095,4.33,0.0,1.94,0.08999999999999986,2.23,-0.1499999999999999,1.94,0.08999999999999986,99.47000122070312,-0.04655198178253258,-0.08569521984299469,0.0138715124774571
2025-05-01,0.059705468070558924,0.08657973590762272,0.03214805174837079,0.001973176686542825,0.1433217225083086,0.0440477574478886,0.03881753537308282,0.0,-0.04428657001207117,0.11638186641663475,0.0025303411826424886,0.010917896683953921,0.05965956959009532,0.04153238184532456,0.08357457563744691,0.055396999873264526,18.57,3.89,4.41,0.52,0.023772651073680873,0.06311360448807846,3.32,0,-0.02132925422107003,-0.07805109816522712,-0.0063813986837723945,-0.10241153177313576,2024.0,0.0004943153732082095,4.33,0.0,2.07,0.1299999999999999,2.34,0.10999999999999988,2.07,0.1299999999999999,99.33000183105467,-0.0014084447750763777,-0.08006592722286675,0.08781213427101195
2025-06-01,0.048415614059228305,0.06081019056305616,-0.0013026612858597502,0.002471983065251313,0.055964153267359366,0.028462390410187808,0.03613267377468219,0.0,0.0,0.011503240909069679,0.03673960207129014,0.018946101058070864,0.03607538084368464,0.04454004537209849,0.0362209673925721,0.060197116384837684,16.73,3.72,4.24,0.52,0.02680453865910226,0.6469135802469135,2.96,0,0.0,-0.07805109816522712,0.0,-0.10241153177313576,2024.0,0.0004943153732082095,4.33,0.0,1.95,-0.11999999999999988,2.29,-0.04999999999999982,1.95,-0.11999999999999988,96.87999725341795,-0.024974587766834335,-0.0729350143244433,0.06190210664077642
2025-07-01,0.021435188702803743,0.02349318119313563,0.04156793582922026,-0.003963278551265012,0.0004818812005291818,0.0035801047625965555,0.036877009155309864,-0.00395543512813916,-0.00395543512813916,0.08613763294103292,-0.03139145568185287,-0.03917410437858844,0.01966391974699174,0.04417356765794848,0.03171892716061971,0.06024830344084948,16.72,3.94,4.37,0.43000000000000016,0.02742618052167134,0.045751633986928164,2.86,0,0.0,-0.07805109816522712,0.0,-0.10241153177313576,2024.0,0.0004943153732082095,4.33,0.0,1.98,0.030000000000000027,2.39,0.10000000000000009,1.98,0.030000000000000027,100.02999877929688,0.031997057899233995,0.005614025357323277,0.023947913704657955
2025-08-01,0.0188870153534324,0.008461771388053539,0.00595302560715042,0.04817360137120184,0.046682305885188194,0.028426234232675412,0.037558064199016895,0.0,-0.00395543512813916,-0.04591862609044092,0.02430460393308153,0.02333303203006894,0.01636242994056803,0.04286838678384458,0.026953229426683604,0.05703651312993215,15.36,3.59,4.23,0.6400000000000006,0.029385917430316155,-0.11688790560471973,2.84,0,0.0,-0.07805109816522712,0.0,-0.10241153177313576,2024.0,0.0004943153732082095,4.33,0.0,1.82,-0.15999999999999992,2.41,0.020000000000000018,1.82,-0.15999999999999992,97.7699966430664,-0.022852381611146312,-0.015829911478746655,0.009494539251279011
2025-09-01,0.03471408865886453,0.052598014156353345,0.017595882126606396,0.11127891539805111,0.155489238217988,0.05770802684307845,0.0445679746358416,0.0,-0.00395543512813916,0.019811902072541725,0.003268576386771856,-0.005073818465889015,0.008498221587260161,0.023895991048953808,0.02243896353907358,0.030470661339590338,16.28,3.6,4.16,0.56,0.030225715847133294,0.13095238095238093,2.8,0,0.0,-0.07805109816522712,0.0,-0.08878971787476046,2024.0,0.0004943153732082095,4.22,-0.11000000000000032,1.8,-0.020000000000000018,2.36,-0.050000000000000266,1.8,-0.020000000000000018,97.7699966430664,0.0,0.00914467628808768,0.05236676464712406
2025-10-01,0.022433317651589665,0.04663226442665807,0.03848032508378942,0.03665234832097635,0.19610486509022937,0.04017491846908075,0.04389018360833893,0.0,-0.00395543512813916,-0.057414248031962066,-0.017161275171125992,-0.02212930490238097,0.008305518706845552,0.016665738215580782,0.02394641460410317,0.027657044385157238,17.44,3.6,4.11,0.5100000000000002,0.027291362382022122,0.10405643738977077,2.94,0,0.0,-0.02132925422107003,0.0,-0.0063813986837723945,2024.0,0.0004943153732082095,4.09,-0.1299999999999999,1.81,0.010000000000000009,2.3,-0.06000000000000005,1.81,0.010000000000000009,99.8000030517578,0.020550466713580573,-0.0023019148975657426,0.04669646857126213
2025-11-01,0.001298825760831596,-0.01650320476136181,0.00033542959997094027,0.06041334899611772,0.20834461271514526,0.03812482898799391,0.042139981801040005,0.0,-0.00395543512813916,-0.16667253337884544,0.005497511447057937,0.006811948340993541,0.01690199139430177,0.015872888106147415,0.03828980738034293,0.029671419438431764,16.35,3.47,4.02,0.5499999999999994,0.026964439164939513,0.306774441878368,2.92,0,0.0,0.0,-0.016367772920934404,-0.016367772920934404,2024.0,0.0004943153732082095,3.88,-0.20999999999999996,1.79,-0.020000000000000018,2.23,-0.06999999999999984,1.79,-0.020000000000000018,99.45999908447266,-0.003412669814541118,0.01713779689903945,-0.01573361652068821
2025-12-01,-0.0005242946422253577,-0.007301638406351498,0.021461354979229276,0.015527740507966493,0.11259343782506062,0.022455704760294775,0.03993901607542244,0.0,-0.00395543512813916,-0.033124580619801856,0.012438802408335049,0.017315834223616513,0.012760893893178082,0.013548566712558496,0.03410674949766153,0.02817290206130731,14.95,3.47,4.18,0.7099999999999995,0.02653304114557753,0.9281978126485972,2.81,0,-0.0005241572238063955,-0.0005241572238063955,-0.023523742822856967,-0.023523742822856967,2025.0,0.000494071146245112,3.72,-0.1599999999999997,1.93,0.1399999999999999,2.25,0.020000000000000018,1.93,0.1399999999999999,98.27999877929688,-0.011935008849300488,0.005202788049738963,-0.006721765909783801
2026-01-01,0.013570493205929611,0.011910639239626333,0.028993463236804427,0.11561047313527793,0.19155156263936218,0.050129821019587656,0.04063865520931482,0.0,0.0,-0.045272884969320734,0.009110502731176523,0.015480322096485227,0.0076657314759870174,0.013339818470419684,0.014497855971626273,0.028109485542322187,17.44,3.52,4.26,0.7399999999999998,0.02391201432150014,0.740638002773925,2.88,0,0.0,-0.0005241572238063955,-0.011823747502236302,-0.023523742822856967,2025.0,0.000494071146245112,3.64,-0.08000000000000007,1.9,-0.030000000000000027,2.36,0.10999999999999988,1.9,-0.030000000000000027,96.98999786376952,-0.013212676852125719,-0.028560355515967327,0.012231375571140212
2026-02-01,-0.008706147301869324,-0.02345470828524503,0.06503730659221457,0.08231851556358667,0.21345672920683115,0.05096717152840581,0.04026578185120344,0.0,0.0,-0.2227002302581664,-0.00316866416635453,-0.01518349150294511,0.01126835147468593,0.01620629044371978,0.017704712576097327,0.03249196016205192,19.86,3.38,3.97,0.5900000000000003,0.024340041103732224,0.740684022460439,3.12,0,-0.00866835854579093,-0.00866835854579093,-0.03473143649598792,-0.03473143649598792,2025.0,0.000494071146245112,3.64,0.0,1.72,-0.17999999999999994,2.25,-0.10999999999999988,1.72,-0.17999999999999994,97.61000061035156,0.006372095059649294,-0.018775590641776918,-0.023724642306406724
2026-03-01,-0.043515737549224796,-0.03784742797422888,-0.09171755572445338,-0.17758661591695124,0.02034237278191342,0.16053222149959584,0.10389233093161347,-0.16271152631403965,-0.16271152631403965,0.04556145487723115,-0.020296152016504972,-0.007604316191992438,0.028771496390621404,0.022886851126696483,0.02560508881211882,0.030023470468858355,26.15,3.88,4.39,0.5099999999999998,0.02400050033616319,0.18644067796610186,3.19,1,-0.050881751483997005,-0.050881751483997005,-0.07058167005889446,-0.07058167005889446,2025.0,0.000494071146245112,3.64,0.0,2.01,0.2899999999999998,2.33,0.08000000000000007,2.01,0.2899999999999998,99.43000030517578,0.01847392862139973,0.0116333468289233,-0.03787958757360481
