date,us2y_yield,us10y_yield,yield_spread,us_cpi_yoy,high_yield_spread,vix_level,spx_vol_3m,eurusd_return,gbpusd_return,spx_return,ndx_return,gold_return,ecb_level,ecb_yoy,regime_confidence,regime_label,ndx_target
2003-02-01,1.53,3.71,2.18,0.0314606741573033,8.38,29.63,0.0235622417514307,0.0024112039874609,-0.0464276005989007,-0.0171498442588397,0.0267881673995372,-0.0555270921078645,2002.0,0.0004997501249375,0.9992771506026258,crisis,0.0087951661412313
2003-03-01,1.51,3.83,2.3200000000000003,0.0302521008403362,7.72,29.15,0.0185603197052716,0.0096788329904633,0.0044374082321235,0.0083228742528296,0.0087951661412313,-0.0375135561889674,2002.0,0.0004997501249375,0.9958114482909354,crisis,0.0823161130644788
2003-04-01,1.51,3.89,2.38,0.0217512548800891,6.44,21.21,0.0492160463505126,0.0253613810190095,0.0113208756244822,0.0779273500294767,0.0823161130644788,0.0056581449344141,2002.0,0.0004997501249375,0.8484750933512625,calm,0.0797575246014618
2003-05-01,1.33,3.37,2.04,0.018941504178273,6.79,19.47,0.035005261043031,0.0524419055659723,0.0230591616008957,0.0496456654892877,0.0797575246014618,0.0706445628676546,2002.0,0.0004997501249375,0.9510237289336724,calm,0.0031672235779422
2003-06-01,1.32,3.54,2.22,0.0194877505567929,6.13,19.52,0.0334617623629848,-0.0224863576752871,0.0121486035232587,0.0112586260108521,0.0031672235779422,-0.0435466031004037,2002.0,0.0004997501249375,0.9755794165362548,calm,0.0607376914691744
2003-07-01,1.8,4.49,2.6900000000000004,0.0205555555555554,5.67,19.49,0.0209072883756073,-0.0254936450750173,-0.0279794185966641,0.0160935064787736,0.0607376914691744,0.0249745409824278,2002.0,0.0004997501249375,0.9999689101207624,calm,0.0490981447847477
2003-08-01,1.95,4.45,2.5,0.0221606648199446,5.46,18.63,0.003358958913438,-0.0226023758995144,-0.0204485579556249,0.0177153437906361,0.0490981447847477,0.0571114312939557,2002.0,0.0004997501249375,0.9998579545881922,calm,-0.0283583599233403
2003-09-01,1.5,3.96,2.46,0.0237831858407078,5.51,22.72,0.0167170293329466,0.0596598364063357,0.0513820103507788,-0.0120162325679856,-0.0283583599233403,0.0324805922891656,2002.0,0.0004997501249375,0.9996195525967506,calm,0.0829050053915933
2003-10-01,1.85,4.33,2.48,0.0204194260485652,4.73,16.1,0.0328068839770925,-0.0061967665375113,0.0212628242221819,0.0535042684649465,0.0829050053915933,-0.008801506468594,2002.0,0.0004997501249375,0.9982539889092858,calm,0.0055339783001784
2003-11-01,2.06,4.34,2.28,0.0192837465564739,4.48,16.32,0.0336935862554219,0.0350347549365535,0.0148575498629203,0.0071032253560451,0.0055339783001784,0.0344993968515922,2002.0,0.0004997501249375,0.9953625389068428,calm,0.0302010734161931
2003-12-01,1.84,4.27,2.43,0.0203520352035202,4.18,18.31,0.0257164971875781,0.0480118242179791,0.036485834613138,0.0495188993064712,0.0302010734161931,0.0469823325356729,2003.0,0.0004995004995005,0.9982650229772508,calm,0.0169946677161029
2004-01-01,1.84,4.16,2.3200000000000003,0.02026286966046,4.05,16.63,0.0221687332263356,-0.0097405959763493,0.021214343456535,0.0171288822629672,0.0169946677161029,-0.0389762852690733,2003.0,0.0004995004995005,0.9883956567464908,calm,-0.0153202297249059
2004-02-01,1.66,3.99,2.33,0.0168845315904138,4.34,14.55,0.0202961385723253,0.0020037677525555,0.0234540202538834,0.0121351008291258,-0.0153202297249059,-0.0156969381041288,2003.0,0.0004995004995005,0.9750341346565368,calm,-0.0219825339056289
2004-03-01,1.6,3.86,2.26,0.017400761283306,4.41,16.74,0.01814335945256,-0.0141114303919296,-0.0116853326092061,-0.016494220669989,-0.0219825339056289,0.0700133184637712,2003.0,0.0004995004995005,0.9953052035105022,calm,-0.0260951432188746
2004-04-01,2.31,4.53,2.22,0.0229257641921398,3.91,17.19,0.0166573721642736,-0.0272478477886389,-0.0390473991729085,-0.016933393494544,-0.0260951432188746,-0.0867324878248114,2003.0,0.0004995004995005,0.980872261565434,calm,0.0452444667569211
2004-05-01,2.54,4.66,2.12,0.0289775833788954,4.28,15.5,0.0165857427438116,0.0174550487852447,0.0318173385946595,0.0120110242055643,0.0452444667569211,0.0130419953703963,2003.0,0.0004995004995005,0.7885626319204383,calm,0.0338097013044186
2004-06-01,2.7,4.62,1.92,0.0316766794101583,4.1,14.34,0.0186192889208033,-0.0009024901133539,-0.0074476002750443,0.0178291892493125,0.0338097013044186,0.005573867990367,2003.0,0.0004995004995005,0.8823950901458333,inflation_stress,-0.079746592466626
2004-07-01,2.68,4.5,1.82,0.0293957539466522,4.02,15.32,0.0289059278352762,-0.0133864170501531,-0.0001099384345874,-0.0348922382153303,-0.079746592466626,-0.0217094466477588,2003.0,0.0004995004995005,0.9617144499018244,inflation_stress,-0.0229039975335796
2004-08-01,2.41,4.13,1.7199999999999998,0.0254742547425472,4.06,15.29,0.0270902986480154,0.0131401419596336,-0.0090008614516771,0.0022847205717138,-0.0229039975335796,0.050227660961448,2003.0,0.0004995004995005,0.902439114882502,inflation_stress,0.0316843093871702
2004-09-01,2.63,4.14,1.5099999999999998,0.0253916801728795,3.83,13.34,0.0237570268554998,0.02015672924905,0.0048694208655656,0.0093203368022064,0.0316843093871702,0.0204163124949425,2003.0,0.0004995004995005,0.9863293851370402,inflation_stress,0.0510412700502935
2004-10-01,2.56,4.05,1.4899999999999998,0.0319091400757165,3.63,16.27,0.0058585791920686,0.028867984000852,0.013542244843075,0.0139169558782137,0.0510412700502935,0.0295132531738033,2003.0,0.0004995004995005,0.9903016705376584,inflation_stress,0.0554582260956327
2004-11-01,3.02,4.36,1.3400000000000003,0.036216216216216,3.17,13.24,0.01532879826844,0.0377403279828471,0.0388268672006136,0.037868779461133,0.0554582260956327,0.0518887722761379,2003.0,0.0004995004995005,0.9999914599697368,inflation_stress,0.0310866911356333
2004-12-01,3.08,4.24,1.16,0.0334231805929918,3.1,13.29,0.0124748458171736,0.0206377225913082,0.0053288877997371,0.0319424911931921,0.0310866911356333,-0.0292550116196858,2004.0,0.000499251123315,0.9999917954808668,inflation_stress,-0.0646503842172782
2005-01-01,3.29,4.14,0.8499999999999996,0.028448738593666,3.29,12.82,0.0350674516966871,-0.0386398038221972,-0.0186174191367681,-0.0256157479685159,-0.0646503842172782,-0.0372222546770597,2004.0,0.000499251123315,0.9998933025041712,inflation_stress,-0.0056819647034638
2005-02-01,3.59,4.36,0.7700000000000005,0.0305302624531333,2.83,12.08,0.0301492823184761,0.0128699944950113,0.019086254610154,0.0187269348743377,-0.0056819647034638,0.0326445401140539,2004.0,0.000499251123315,0.9999699704415628,inflation_stress,-0.0190348316976902
2005-03-01,3.8,4.5,0.7000000000000002,0.0320684126135757,3.52,14.02,0.0239874430334781,-0.019406216773098,-0.0159062646503453,-0.0193027522545287,-0.0190348316976902,-0.0185233358215757,2004.0,0.000499251123315,0.9999974274279176,inflation_stress,-0.0425370328299748
2005-04-01,3.66,4.21,0.5499999999999998,0.0336179295624332,4.19,15.31,0.0222539727505627,-0.0068899053280268,0.0101085413772221,-0.0203135193476703,-0.0425370328299748,0.0153064212826757,2004.0,0.000499251123315,0.9999851757314802,inflation_stress,0.0822756970716719
2005-05-01,3.6,4.0,0.3999999999999999,0.0286928799149841,4.13,13.29,0.0284796071358889,-0.0449638884872978,-0.049227661638532,0.0295122233851057,0.0822756970716719,-0.0425496079646329,2004.0,0.000499251123315,0.9998695556181898,inflation_stress,-0.0323530020674483
2005-06-01,3.66,3.94,0.2799999999999998,0.0254102699841185,3.85,12.04,0.0250628570979219,-0.0176241292729878,-0.0149128245295548,-0.000142687476898,-0.0323530020674483,0.0430098012539326,2004.0,0.000499251123315,0.9999744963294108,inflation_stress,0.0720752302452847
2005-07-01,4.02,4.28,0.2600000000000007,0.0306716023268112,3.3,11.57,0.0190267561784224,0.0034673526028945,-0.0184898164872602,0.0353364518647291,0.0720752302452847,-0.0115688472137969,2004.0,0.000499251123315,0.9999997975416952,inflation_stress,-0.0147044399134623
2005-08-01,3.84,4.02,0.1799999999999997,0.0364693446088795,3.66,12.6,0.0243465750325327,0.0168345889571356,0.0256136222151113,-0.0112854679723591,-0.0147044399134623,0.0094963076118245,2004.0,0.000499251123315,0.9999985683859618,inflation_stress,0.0125340511358209
2005-09-01,4.18,4.34,0.1600000000000001,0.047418335089568,3.54,11.92,0.0234962303317694,-0.025858202485417,-0.0217521750547271,0.0069249074268589,0.0125340511358209,0.0769525032857028,2004.0,0.000499251123315,0.9999867308465128,inflation_stress,-0.0141348664380197
2005-10-01,4.4,4.57,0.1699999999999999,0.0435010482180293,3.61,15.32,0.0128559031663393,-0.0035822923300917,0.001925146396063,-0.0178999943137739,-0.0141348664380197,-0.0072191652710277,2004.0,0.000499251123315,0.9999993154169936,inflation_stress,0.0574496618396773
2005-11-01,4.42,4.49,0.0700000000000002,0.0333854981742305,3.67,12.06,0.0262533428366894,-0.0162386303517426,-0.0222504675161171,0.0345812376769886,0.0574496618396773,0.0606233571470605,2004.0,0.000499251123315,0.9999876637248556,inflation_stress,-0.016493429442104
2005-12-01,4.41,4.39,-0.0200000000000004,0.0333854981742305,3.71,12.07,0.0267835670988307,0.0048233645447831,-0.0034764505723698,-0.0009528500142413,-0.016493429442104,0.0441349950051834,2005.0,0.000499001996008,0.9999716865614914,inflation_stress,0.0390699134763381
2006-01-01,4.54,4.53,-0.0099999999999997,0.0401878914405011,3.42,12.95,0.0184070205818237,0.0250919678633602,0.031817620427179,0.0251479612305182,0.0390699134763381,0.098736495477843,2005.0,0.000499001996008,0.9999997177726015,inflation_stress,-0.0237729712908068
2006-02-01,4.69,4.55,-0.1400000000000005,0.0363825363825363,3.37,12.34,0.0146803164620476,-0.0181936482556963,-0.0141557202118432,0.000452994064152,-0.0237729712908068,-0.0155562620893827,2005.0,0.000499001996008,0.9999997266597208,inflation_stress,0.0196199784221671
2006-03-01,4.82,4.86,0.04,0.034179181771103,3.13,11.39,0.0123894969395704,0.0157208477869482,-0.0094537616458187,0.0110347339694589,0.0196199784221671,0.0343231030503331,2005.0,0.000499001996008,0.9999999644364646,inflation_stress,-0.0017330670510935
2006-04-01,4.87,5.07,0.2000000000000001,0.0361383582860093,3.04,11.59,0.0064331593911679,0.0416238517039555,0.049910726047036,0.0120823736751443,-0.0017330670510935,0.1123168118555414,2005.0,0.000499001996008,0.9999999814239342,inflation_stress,-0.0738868220138103
2006-05-01,5.04,5.12,0.08,0.0397727272727272,3.12,16.44,0.0248104997494311,0.0143050462634889,0.0246124661895697,-0.0314049135858917,-0.0738868220138103,-0.0091967107496745,2005.0,0.000499001996008,0.999942199179726,inflation_stress,-0.0027576955548957
2006-06-01,5.16,5.15,-0.0099999999999997,0.0418172431595251,3.35,13.08,0.0224601808185558,-0.0018747076260786,-0.012582164052773,8.660428539180607e-05,-0.0027576955548957,-0.047540944769,2005.0,0.000499001996008,0.9999993920786712,inflation_stress,-0.0426691972437161
2006-07-01,4.97,4.99,0.0200000000000004,0.0410466906105695,3.45,14.95,0.0197788259383408,-0.0018782287568856,0.0106567208735466,0.0050729241919583,-0.0426691972437161,0.0325218889852845,2005.0,0.000499001996008,0.9999980979671698,inflation_stress,0.0455218502419224
2006-08-01,4.79,4.74,-0.0499999999999998,0.0392656807751148,3.49,12.31,0.010951996664418,0.002972235273751,0.0189320250816981,0.021051124587992,0.0455218502419224,-0.0147680333828714,2005.0,0.000499001996008,0.9999999519175192,inflation_stress,0.0460212444924359
2006-09-01,4.71,4.64,-0.0700000000000002,0.0201207243460763,3.44,11.98,0.0102807571123637,-0.0100471802789422,-0.0164723938555807,0.024269376195304,0.0460212444924359,-0.043318041519168,2005.0,0.000499001996008,0.9999998569757762,inflation_stress,0.046313348985812
2006-10-01,4.71,4.61,-0.0999999999999996,0.0140632847815169,3.29,11.1,0.005088679815063,0.0069182665873227,0.0187811366168572,0.031021836917226,0.046313348985812,0.0112958011690196,2005.0,0.000499001996008,0.9999956689520284,inflation_stress,0.0333251603217596
2006-11-01,4.62,4.46,-0.1600000000000001,0.0196870267541646,3.2,10.91,0.0073526199050552,0.0365383105395227,0.0294875615854896,0.0163325051223596,0.0333251603217596,0.0652970292350206,2005.0,0.000499001996008,0.999999977985664,inflation_stress,-0.019362807771373
2006-12-01,4.82,4.71,-0.1100000000000003,0.0252397778899544,2.89,11.56,0.0097628448319921,-0.0034048381548408,-0.0032621467330238,0.012536835916847,-0.019362807771373,-0.0164596718802757,2006.0,0.0004987531172069,0.9999999302432616,inflation_stress,0.0199376599581073
2007-01-01,4.94,4.83,-0.1100000000000003,0.0207576517812342,2.72,10.42,0.001917422652902,-0.0131219459860087,0.0027531372544578,0.0139611725245272,0.0199376599581073,0.0254711704567934,2006.0,0.0004987531172069,0.9999999928255696,inflation_stress,-0.0172376824755781
2007-02-01,4.65,4.56,-0.0900000000000007,0.0242026078234702,2.82,15.42,0.0204144313415202,0.0153931257040528,-0.0006620998994069,-0.0220883056643898,-0.0172376824755781,0.0260344657074399,2006.0,0.0004987531172069,0.9992820324247168,inflation_stress,0.0060611219481156
2007-03-01,4.58,4.65,0.0700000000000002,0.0279819729594392,2.85,14.64,0.0197526969234811,0.0096328258408108,0.0023408488629092,0.0099304839152859,0.0060611219481156,-0.0088542635936444,2006.0,0.0004987531172069,0.9999216052146068,inflation_stress,0.0524225060542573
2007-04-01,4.6,4.63,0.0300000000000002,0.0259292476332835,2.74,14.22,0.0322343105830348,0.0214137771514493,0.0159341814217425,0.0423798362376053,0.0524225060542573,0.0255966355538533,2006.0,0.0004987531172069,0.9911106276565466,inflation_stress,0.0318420549525643
2007-05-01,4.92,4.9,-0.0199999999999995,0.0270988574267261,2.46,13.05,0.016575510027977,-0.0140265107845388,-0.0093987071375653,0.0320307237480612,0.0318420549525643,-0.0299776381044253,2006.0,0.0004987531172069,0.9999789727457722,inflation_stress,0.0030655491762089
2007-06-01,4.87,5.03,0.1600000000000001,0.0269276511397422,2.98,16.23,0.0322769499136349,0.006077694367924,0.0141896135964038,-0.017976930819991,0.0030655491762089,-0.0164864060758946,2006.0,0.0004987531172069,0.9731566912989114,inflation_stress,-0.0010553107938241
2007-07-01,4.56,4.78,0.2200000000000006,0.023178905864958,4.19,23.52,0.0338541258413776,0.0105113246826863,0.0103022208857438,-0.0325045008411866,-0.0010553107938241,0.0247038747605543,2006.0,0.0004987531172069,0.999999608515876,credit_stress,0.028909452842373
2007-08-01,4.15,4.54,0.3899999999999997,0.0189744847890087,4.55,23.38,0.0231227240775351,-0.003589353009371,-0.0061785037018816,0.0127815590652788,0.028909452842373,0.0097875188289545,2006.0,0.0004987531172069,0.9999999841979356,credit_stress,0.050198781420149
2007-09-01,3.97,4.59,0.6199999999999997,0.0283382642998026,4.2,18.0,0.0344760748394728,0.0456857617931553,0.0146670608423028,0.035168283637491,0.050198781420149,0.102113614486863,2006.0,0.0004987531172069,0.9576460355959524,inflation_stress,0.068325379546299
2007-10-01,3.94,4.48,0.5400000000000005,0.0361069836552747,4.36,18.53,0.012404930912667,0.0143386600825532,0.0162353029336291,0.0147135577887086,0.068325379546299,0.0656036760002322,2006.0,0.0004987531172069,0.9962747767505984,inflation_stress,-0.0692870537946774
2007-11-01,3.04,3.97,0.9300000000000002,0.0437326732673266,5.75,22.87,0.0416793975247374,0.0110650247526326,-0.0114585342485538,-0.0450427893694161,-0.0692870537946774,-0.0137238189803048,2006.0,0.0004987531172069,0.9999995783906848,crisis,-0.0020028660127786
2007-12-01,3.05,4.04,0.9900000000000002,0.0410881339241753,5.92,22.5,0.0301128360714636,-0.0026006037104165,-0.0344298735114353,-0.0086659298048018,-0.0020028660127786,0.0602181150018477,2007.0,0.0004985044865404,0.9999981206562264,crisis,-0.1241934720962789
2008-01-01,2.17,3.67,1.5,0.0429469565516598,6.95,26.2,0.0277321227769061,0.0173232143582358,0.0005534730574759,-0.0631139096022769,-0.1241934720962789,0.1053365100885331,2007.0,0.0004985044865404,0.9999978044698732,crisis,-0.0536277416348325
2008-02-01,1.65,3.53,1.88,0.0414295927061196,7.67,26.54,0.0272255835209167,0.0219159479340641,0.0003520506989362,-0.035379707842082,-0.0536277416348325,0.0471581495566748,2007.0,0.0004985044865404,0.9995743812107888,crisis,0.0207877750921465
2008-03-01,1.62,3.45,1.83,0.0397490355013443,8.21,25.61,0.0285723067104584,0.0376939604518243,-0.0028703093956595,-0.0059774122413739,0.0207877750921465,-0.0607534429741998,2007.0,0.0004985044865404,0.9988783568073892,crisis,0.0734295047262101
2008-04-01,2.29,3.77,1.48,0.0390376097598881,6.86,20.79,0.0414517429072868,-0.0089869625541477,0.002216402277467,0.0464509396600563,0.0734295047262101,-0.0528621754974845,2007.0,0.0004985044865404,0.9997955513018084,crisis,0.0581695310019833
2008-05-01,2.66,4.06,1.3999999999999997,0.0408841382312399,6.53,17.83,0.0267960048612544,-0.0042988741575021,-0.0027208159073297,0.0106175866526501,0.0581695310019833,0.0237071463059403,2007.0,0.0004985044865404,0.9980864140697564,crisis,-0.1011132843431972
2008-06-01,2.63,3.99,1.3600000000000003,0.0493596610594786,7.35,23.95,0.0706772015707916,0.0128415756057487,0.0056851208387866,-0.0898835504310454,-0.1011132843431972,0.0445850864932641,2007.0,0.0004985044865404,0.9999999999999812,crisis,0.0065432760908153
2008-07-01,2.52,3.99,1.4700000000000002,0.0549751207834183,8.0,22.94,0.0531002686773845,-0.0099522352541434,-0.0050798550077392,-0.0099083004864562,0.0065432760908153,-0.0154300573017199,2007.0,0.0004985044865404,0.9999999999919416,crisis,0.012569723949897
2008-08-01,2.36,3.83,1.4700000000000002,0.0530801716209123,8.36,20.65,0.053673731180969,-0.0610695178443585,-0.0851611699164827,0.0121167974607129,0.012569723949897,-0.0952280543987845,2007.0,0.0004985044865404,0.999999999951032,crisis,-0.166963788447827
2008-09-01,2.0,3.85,1.85,0.0495331987513607,10.96,39.39,0.0566705000271916,-0.0387710085198772,-0.0210849513460303,-0.0951807867743753,-0.166963788447827,0.0490854991689191,2007.0,0.0004985044865404,0.9999999999999982,crisis,-0.1715655252843065
2008-10-01,1.56,4.01,2.45,0.0373105788995651,16.17,59.89,0.0989960996551975,-0.1032766491361375,-0.1033500393444189,-0.1856364864459875,-0.1715655252843065,-0.184737260956656,2007.0,0.0004985044865404,1.0,crisis,-0.1183909984891437
2008-11-01,1.0,2.93,1.93,0.0109991747061668,19.88,55.84,0.0578985424122055,-0.0031471308430188,-0.0457386129774344,-0.0777983464170888,-0.1183909984891437,0.1206649812718094,2007.0,0.0004985044865404,1.0,crisis,0.0216075812890316
2008-12-01,0.76,2.25,1.49,-0.0002222800255385,18.12,40.0,0.0969268357629786,0.0961694709420536,-0.0495715668268905,0.0077911357772817,0.0216075812890316,0.0721016991478702,2008.0,0.0004982561036372,1.0,crisis,-0.0262567866203266
2009-01-01,0.94,2.87,1.93,-0.0011358601902212,16.26,44.84,0.0531333739421175,-0.086757636759707,-0.0056933308774445,-0.0895498855110709,-0.0262567866203266,0.0542761570783528,2008.0,0.0004982561036372,1.0,crisis,-0.0550887129487469
2009-02-01,1.0,3.02,2.02,8.463140671510772e-05,17.38,46.35,0.0653665671071958,-0.0109891215755952,-0.0155987772377698,-0.1164565438205144,-0.0550887129487469,0.0116549438247172,2008.0,0.0004982561036372,1.0,crisis,0.1020596099565361
2009-03-01,0.81,2.71,1.9,-0.0044647876766238,17.03,44.14,0.107628496787363,0.0440810820245722,0.0006984703783298,0.0819527362146437,0.1020596099565361,-0.0175987867700145,2008.0,0.0004982561036372,1.0,crisis,0.1197168357083103
2009-04-01,0.91,3.16,2.25,-0.005763244243767,13.45,36.5,0.116874353890094,-0.001360338782934,0.0313427717817078,0.0897722149209695,0.1197168357083103,-0.034998029891875,2008.0,0.0004982561036372,1.0,crisis,0.0291479697267614
2009-05-01,0.92,3.47,2.5500000000000003,-0.0101576149585517,11.7,28.92,0.0200958427864774,0.0684633506908877,0.0911306386471633,0.0517205584208823,0.0291479697267614,0.0912045527105032,2008.0,0.0004982561036372,1.0,credit_stress,0.0286202683565266
2009-06-01,1.11,3.53,2.42,-0.0122917461821091,10.55,26.35,0.044956754904958,-0.0088668784517278,0.0168452116522655,0.0001958160640701,0.0286202683565266,-0.0517723094382138,2008.0,0.0004982561036372,0.9999999999999982,credit_stress,0.0819191760842346
2009-07-01,1.13,3.52,2.39,-0.0195876100376227,9.22,25.92,0.0368200952894396,0.0156236609146076,0.0150115855883799,0.0715219770888919,0.0819191760842346,0.0289505377488941,2008.0,0.0004982561036372,0.999999999975942,credit_stress,0.0135233046957721
2009-08-01,0.97,3.4,2.43,-0.0148383556632676,9.12,26.01,0.0357010084539456,0.005177371111627,-0.0258825855260678,0.0330093213481365,0.0135233046957721,-0.0020778465042643,2008.0,0.0004982561036372,0.9999999999998987,credit_stress,0.0561121770244774
2009-09-01,0.95,3.31,2.3600000000000003,-0.0137794286288647,7.93,25.61,0.021656980602487,0.0211290053168799,-0.0173432653063704,0.0351001041559461,0.0561121770244774,0.0571432397139342,2008.0,0.0004982561036372,0.9999999999946444,credit_stress,-0.0306333239169803
2009-10-01,0.9,3.41,2.51,-0.0022396829420033,7.6,30.69,0.0312028479645425,0.0053831345284758,0.0265728775993367,-0.0199598652221777,-0.0306333239169803,0.0323128312541366,2008.0,0.0004982561036372,0.9854913359320716,credit_stress,0.0584229289127863
2009-11-01,0.67,3.21,2.54,0.0191458717447092,7.65,24.51,0.0391484262589434,0.0195827394381008,0.0005474286198571,0.0557790155828071,0.0584229289127863,0.1240606537612168,2008.0,0.0004982561036372,0.7607856804710669,crisis,0.0512166264604935
2009-12-01,1.14,3.85,2.71,0.0281412312320836,6.39,21.68,0.0378698234790243,-0.046164665389071,-0.0171730684636238,0.017614546700982,0.0512166264604935,-0.0720279594062378,2009.0,0.0004980079681276,0.9999501239514516,calm,-0.0662605046807559
2010-01-01,0.82,3.63,2.81,0.0262111138897671,6.54,24.62,0.0469878630629849,-0.0332063145032497,-0.0111976286655916,-0.0376751410593207,-0.0662605046807559,-0.0152071476270268,2009.0,0.0004980079681276,0.9995499954430748,calm,0.0436283274008014
2010-02-01,0.81,3.61,2.8,0.0215133635786652,6.71,19.5,0.035344760803789,-0.01673253064251,-0.0481210105612083,0.0281147440366604,0.0436283274008014,0.0335048864366445,2009.0,0.0004980079681276,0.9967939117827764,calm,0.0739862123871616
2010-03-01,1.02,3.84,2.82,0.0228617143932798,5.84,17.59,0.0485779313655217,-0.0092125794360558,-0.0037486479726876,0.0571327606454831,0.0739862123871616,-0.0037407030742061,2009.0,0.0004980079681276,0.9999830916671448,calm,0.021364955346224
2010-04-01,0.97,3.69,2.72,0.0220677075253044,5.61,22.05,0.0217100793775851,-0.0158964502671881,0.0059780109050744,0.0146514683118631,0.021364955346224,0.0570890094271481,2009.0,0.0004980079681276,0.9999893198241732,calm,-0.0769854337500461
2010-05-01,0.76,3.31,2.55,0.0200354892921856,6.98,32.07,0.0732512266367721,-0.0769881234256667,-0.049268402688539,-0.0855316536337701,-0.0769854337500461,0.0320351476707018,2009.0,0.0004980079681276,0.9999999803413078,crisis,-0.0630859590381537
2010-06-01,0.61,2.97,2.3600000000000003,0.0112156059406862,7.13,34.54,0.0513985331020343,-0.0061939888330341,0.0274845108657361,-0.0553883801323766,-0.0630859590381537,0.0201426923630902,2009.0,0.0004980079681276,0.9999981256239978,crisis,0.0693339780937378
2010-07-01,0.55,2.94,2.39,0.013407784804821,6.59,23.5,0.0805063818005895,0.0646560338533484,0.0492395099964034,0.0665157832745896,0.0693339780937378,-0.0502697257312765,2009.0,0.0004980079681276,0.9996995170920152,crisis,-0.0531982022194622
2010-08-01,0.47,2.47,2.0,0.0115017753951125,6.92,26.05,0.0685090118304625,-0.0280548375876176,-0.0221644277253127,-0.0486118031703826,-0.0531982022194622,0.0547314169159059,2009.0,0.0004980079681276,0.9956357188294646,crisis,0.1226401860020465
2010-09-01,0.42,2.53,2.11,0.0111831224723317,6.26,23.7,0.0720237094756846,0.0714698349062279,0.0232471269362588,0.0839284750952826,0.1226401860020465,0.048343170196408,2009.0,0.0004980079681276,0.9986072766299052,crisis,0.0613462453003941
2010-10-01,0.34,2.63,2.29,0.0116669514893146,5.93,21.2,0.0671285528405127,0.0230662290000988,0.0207258040877111,0.0361930007106875,0.0613462453003941,0.0379426956856523,2009.0,0.0004980079681276,0.9468789174206742,crisis,-0.0033570843781971
2010-11-01,0.45,2.81,2.36,0.0108454477660033,6.22,23.54,0.0431933018683986,-0.0717059788879616,-0.0305125582502565,-0.0022929094870601,-0.0033570843781971,0.0202130085778786,2009.0,0.0004980079681276,0.6767296904237636,crisis,0.0463869060399851
2010-12-01,0.61,3.3,2.69,0.0143779302221793,5.41,17.75,0.0329401643174912,0.0307226347675929,0.0033369728712915,0.063256517221926,0.0463869060399851,0.0240451857375445,2010.0,0.0004977600796416,0.999713644619392,calm,0.0284700445654577
2011-01-01,0.58,3.42,2.84,0.0170078349150297,5.08,19.53,0.0331057623026962,0.0225292979731683,0.025490770154051,0.022392985256517,0.0284700445654577,-0.0636120793697041,2010.0,0.0004977600796416,0.9999929818209649,calm,0.0298237044661175
2011-02-01,0.69,3.42,2.73,0.0212489817333314,4.78,18.35,0.0214600882172978,0.0085818708515951,0.0157385986142564,0.0314565950401448,0.0298237044661175,0.0568170202379504,2010.0,0.0004977600796416,0.9998391148954964,calm,-0.0051173037781766
2011-03-01,0.8,3.47,2.67,0.026192415103541,4.77,17.74,0.0167737930694239,0.0260887468848501,-0.0139290951098792,-0.0010478506829378,-0.0051173037781766,0.0148230071039318,2010.0,0.0004977600796416,0.9995699454783936,calm,0.0274480817279169
2011-04-01,0.61,3.32,2.71,0.0307723444478686,4.76,14.75,0.0178756998881788,0.0437582748831319,0.040679848640937,0.0280969163671291,0.0274480817279169,0.0878228493328501,2010.0,0.0004977600796416,0.9883809965991508,calm,-0.0132061827771849
2011-05-01,0.45,3.05,2.6,0.034589718808965,5.09,15.45,0.0213886100366157,-0.0282866512070571,-0.0154415276383579,-0.0135928938996372,-0.0132061827771849,-0.017993270255223,2010.0,0.0004977600796416,0.9955096811919204,calm,-0.0202109650993174
2011-06-01,0.45,3.18,2.73,0.0350231815063604,5.42,16.52,0.0255793044764157,0.0067158489686916,-0.0251759826925504,-0.0184262333018975,-0.0202109650993174,-0.0230366194865896,2010.0,0.0004977600796416,0.9997246716827926,calm,0.0161014425958103
2011-07-01,0.36,2.82,2.46,0.0357988097699961,5.58,25.25,0.0040823703277635,-0.0064380133066974,0.0237160396143299,-0.0217083674354272,0.0161014425958103,0.0795504756992845,2010.0,0.0004977600796416,0.9999895816299084,calm,-0.0529249316063361
2011-08-01,0.2,2.23,2.03,0.0375499603070808,7.3,31.62,0.0222310143075285,-0.0013899508805294,-0.0104642511629914,-0.0584674916191204,-0.0529249316063361,0.1163507672235968,2010.0,0.0004977600796416,0.9999981304964352,crisis,-0.0465040790700702
2011-09-01,0.25,1.92,1.67,0.0381262169281868,8.41,42.96,0.0270515197617048,-0.0713353345303613,-0.0420889959747021,-0.0744671275427831,-0.0465040790700702,-0.1169787145951551,2010.0,0.0004977600796416,0.9999999999999644,crisis,0.098272938735686
2011-10-01,0.25,2.17,1.92,0.0352226813066405,7.07,29.96,0.0977694925137379,0.0333462153903554,0.0302076680879495,0.1023065916505901,0.098272938735686,0.0516005453589012,2010.0,0.0004977600796416,1.0,crisis,-0.0278755310830509
2011-11-01,0.25,2.08,1.83,0.0345143221458172,7.79,27.8,0.0890643533517628,-0.0295443546105943,-0.0229837274511382,-0.0050714834366809,-0.0278755310830509,0.0228504721259074,2010.0,0.0004977600796416,0.9999999999948832,crisis,-0.0075967503104222
2011-12-01,0.25,1.89,1.64,0.0306206683841938,7.23,23.4,0.0584728796031649,-0.0363676441708748,-0.0096650030682037,0.0084965534941463,-0.0075967503104222,-0.1114741630709831,2011.0,0.000497512437811,0.9996752425938278,crisis,0.0801646111440359
2012-01-01,0.22,1.83,1.61,0.030087663379855,6.61,19.44,0.0245951453625002,0.0099808889976799,0.0138602800070475,0.0426599990111374,0.0801646111440359,0.1045274798271536,2011.0,0.000497512437811,0.7312733326715927,calm,0.0609689779245624
2012-02-01,0.3,1.98,1.68,0.0289817844234738,5.98,18.43,0.018949520706243,0.0177183404096247,0.0098466995168435,0.0397873313864179,0.0609689779245624,-0.0243319021667853,2011.0,0.000497512437811,0.9124017448027136,calm,0.0491586169894057
2012-03-01,0.33,2.23,1.9,0.0258287528133209,5.99,15.5,0.0061581986950459,0.0013500339558904,0.0056994486164595,0.0308515357625713,0.0491586169894057,-0.0161668329752937,2011.0,0.000497512437811,0.96611538630142,calm,-0.0115315343484766
2012-04-01,0.27,1.95,1.68,0.0227316337413485,6.04,17.15,0.0251369292885787,-0.0075233577846692,0.0139541474746501,-0.0075257447960486,-0.0115315343484766,-0.0027491178725576,2011.0,0.000497512437811,0.9886633953562788,calm,-0.0757943308307207
2012-05-01,0.27,1.59,1.32,0.0173794293746607,6.96,24.06,0.0480825298701716,-0.0689281444731097,-0.052795217487919,-0.0646992501704692,-0.0757943308307207,-0.0651918971706918,2011.0,0.000497512437811,0.9358305955198174,credit_stress,0.0353498179738971
2012-06-01,0.33,1.67,1.34,0.0165387044829763,6.44,17.08,0.0518407500316455,0.0242978705491662,0.0192270334763262,0.0387926612438374,0.0353498179738971,0.0242434195260596,2011.0,0.000497512437811,0.8735376518023235,calm,0.0101973973560374
2012-07-01,0.23,1.51,1.28,0.0141751147984647,6.16,18.93,0.053795188699995,-0.029326675047433,-0.0018487239511449,0.0125189489727108,0.0101973973560374,0.0106695748753802,2011.0,0.000497512437811,0.7274513047954911,credit_stress,0.04791886608306
2012-08-01,0.22,1.57,1.35,0.0168593491548212,5.98,17.47,0.013598537472771,0.0221150100797662,0.0121767105752552,0.0195706020043819,0.04791886608306,0.0469156032474321,2011.0,0.000497512437811,0.9999175892470118,calm,0.0096744319492913
2012-09-01,0.23,1.65,1.42,0.0194971689828196,5.74,15.73,0.0057660041547842,0.0224145281084507,0.0178057370294351,0.0239470570502007,0.0096744319492913,0.0460047738610126,2011.0,0.000497512437811,0.9998165405515916,calm,-0.0555556634776655
2012-10-01,0.3,1.72,1.42,0.0215567805953693,5.63,18.6,0.0242015778177644,0.0076699969271787,-0.0011772361098124,-0.0199878360584996,-0.0555556634776655,-0.0295298400639162,2011.0,0.000497512437811,0.9934542237428672,calm,0.0112510105676064
2012-11-01,0.25,1.62,1.37,0.0179601970339262,5.65,15.87,0.0219730970099224,0.0021586624680378,-0.0076547655725569,0.0028426587376603,0.0112510105676064,-0.0030925067816065,2011.0,0.000497512437811,0.9998947199914368,calm,-0.0063497509561216
2012-12-01,0.25,1.78,1.53,0.0175950497968955,5.34,18.02,0.0145462961231449,0.0161946859199806,0.0146974832594909,0.0070434471114575,-0.0063497509561216,-0.0224145281084508,2012.0,0.0004972650422674,0.9988295912483954,calm,0.0261862060202013
2013-01-01,0.27,2.02,1.75,0.0168406176209829,4.95,14.28,0.0256366542724401,0.0290503197344178,-0.0240495049738442,0.0491977606925783,0.0261862060202013,-0.0077969602548027,2012.0,0.0004972650422674,0.993753040771524,calm,0.0025776461180861
2013-02-01,0.25,1.89,1.64,0.0201814049025748,4.98,15.51,0.0232798821402911,-0.0390264143505516,-0.0445520897809473,0.0109998818881558,0.0025776461180861,-0.0519586167183367,2012.0,0.0004972650422674,0.9898203541038244,calm,0.028832700123463
2013-03-01,0.25,1.87,1.62,0.0151874724112461,4.86,12.7,0.0193385602103935,-0.0192410216708715,0.0021734127829709,0.0353553671300835,0.028832700123463,0.0110146241912323,2012.0,0.0004972650422674,0.9833403158457082,calm,0.0240980583999831
2013-04-01,0.22,1.7,1.48,0.0113880804757686,4.55,13.52,0.0125497823770444,0.0268653342979979,0.0216713651535394,0.0179241621169245,0.0240980583999831,-0.0784161436900231,2012.0,0.0004972650422674,0.9641584060202631,calm,0.0321434337949986
2013-05-01,0.3,2.16,1.86,0.013903888279197,4.62,16.3,0.0093980190459898,-0.012996131238831,-0.0221978194957852,0.0205501747515764,0.0321434337949986,-0.0637336408928402,2012.0,0.0004972650422674,0.9964166104474592,calm,-0.024498115515598
2013-06-01,0.36,2.52,2.16,0.0171579352715687,5.21,16.86,0.0198754689601515,0.0014609206396748,0.0011183843802468,-0.0151129529977012,-0.024498115515598,-0.116607801658146,2012.0,0.0004972650422674,0.9983323115667776,calm,0.0602169630018
2013-07-01,0.31,2.6,2.29,0.018854718054158,4.71,13.45,0.0317780316467045,0.0213606996665634,-0.0007893179387634,0.0482777578769736,0.0602169630018,0.0721340512741389,2012.0,0.0004972650422674,0.992416067138893,calm,-0.0053147432045581
2013-08-01,0.39,2.78,2.39,0.0153880948860027,4.76,17.01,0.0422471905569891,-0.0060350213344699,0.0194838861532266,-0.0317982616833188,-0.0053147432045581,0.0508788157131127,2012.0,0.0004972650422674,0.999392637686862,calm,0.0459043625550284
2013-09-01,0.33,2.64,2.31,0.0109473410817479,4.83,16.6,0.0418462099867772,0.0228158155979986,0.0433793824300536,0.0293155443880025,0.0459043625550284,-0.0478716346554426,2012.0,0.0004972650422674,0.9954974683717018,calm,0.0483816891961641
2013-10-01,0.31,2.57,2.26,0.0087679914349114,4.36,13.75,0.0400608279746763,0.0049430179217165,-0.0086886911658096,0.0436299779120824,0.0483816891961641,-0.0042004986217118,2012.0,0.0004972650422674,0.997464260702972,calm,0.0320730129714593
2013-11-01,0.28,2.75,2.47,0.0123287019619544,4.27,13.7,0.0087803610621976,-0.0002944207293459,0.0200555918403319,0.027663279564206,0.0320730129714593,-0.0539278435328729,2012.0,0.0004972650422674,0.9159793216257838,calm,0.0294322512294169
2013-12-01,0.38,3.04,2.66,0.0151283836675732,4.0,13.72,0.010706693477016,0.0127278435348307,0.0116619397478429,0.0232895148545032,0.0294322512294169,-0.0404139785288739,2013.0,0.0004970178926442,0.9680565720457082,calm,-0.0195325078797098
2014-01-01,0.34,2.67,2.33,0.0155775879557491,4.21,18.41,0.0356940665989171,-0.0199683627914321,-0.0074552577327252,-0.0362313965269468,-0.0195325078797098,0.0331856968459419,2013.0,0.0004970178926442,0.9992444614280132,calm,0.0481015671302361
2014-02-01,0.33,2.66,2.33,0.0112047463477249,3.81,14.0,0.0409357931160518,0.023233849529051,0.0185050939193103,0.0422133821575487,0.0481015671302361,0.0614054801057749,2013.0,0.0004970178926442,0.9997251604146616,calm,-0.0275283982534599
2014-03-01,0.44,2.73,2.29,0.016126949139408,3.77,13.88,0.0392875396105907,-0.0021758059062466,-0.0048492925872122,0.0069082404225633,-0.0275283982534599,-0.030437866031029,2013.0,0.0004970178926442,0.9987344826483416,calm,-0.0038229243411669
2014-04-01,0.42,2.67,2.25,0.0201512530360616,3.71,13.41,0.0205963856587876,0.0067296465851041,0.0125240186597139,0.0061816510284721,-0.0038229243411669,0.0057161652405105,2013.0,0.0004970178926442,0.9442254577860014,calm,0.042308095268568
2014-05-01,0.37,2.48,2.11,0.0216694768707981,3.67,11.4,0.0082452094593603,-0.0170931899315927,-0.006600291539486,0.0208121980179346,0.042308095268568,-0.0320350313128165,2013.0,0.0004970178926442,0.7492597169815739,calm,0.0297030918781176
2014-06-01,0.47,2.53,2.06,0.0205898169459441,3.53,11.57,0.0079478757468028,0.0045381427613905,0.0205486682273877,0.0188789787547864,0.0297030918781176,0.0593825145554766,2013.0,0.0004970178926442,0.7970869197148627,calm,0.0111135504834781
2014-07-01,0.53,2.58,2.05,0.0197423787033059,4.04,16.95,0.020253610705424,-0.0225259700010163,-0.0132374340665712,-0.0151947203634357,0.0111135504834781,-0.0340844980588687,2013.0,0.0004970178926442,0.9598323906235192,calm,0.0476726179053823
2014-08-01,0.48,2.35,1.87,0.017150983482969,3.84,11.98,0.026484494391764,-0.0187738766893949,-0.0169024838046871,0.0369636696069785,0.0476726179053823,0.0035256933214393,2013.0,0.0004970178926442,0.851776949505479,calm,-0.008143173204077
2014-09-01,0.58,2.52,1.94,0.016840509711232,4.4,16.31,0.0302416935039667,-0.0395099702972854,-0.0236481034673284,-0.0156354583482464,-0.008143173204077,-0.0633665643119947,2013.0,0.0004970178926442,0.9810291251332978,calm,0.0265036237836675
2014-10-01,0.5,2.35,1.85,0.0160954170215132,4.3,14.03,0.0272372922594345,-0.0085079827805042,-0.0136614146558172,0.0229363944395255,0.0265036237836675,-0.0304569034329011,2013.0,0.0004970178926442,0.9366259366789436,calm,0.0422803086166644
2014-11-01,0.47,2.18,1.7100000000000002,0.0123152498932079,4.67,13.33,0.0226543998388537,-0.0064087377884012,-0.0225737510483248,0.0242374694194387,0.0422803086166644,-0.0025633371578367,2013.0,0.0004970178926442,0.9847570487388136,calm,-0.0236794761785799
2014-12-01,0.67,2.17,1.5,0.0065312139196231,5.04,19.2,0.0160544242143019,-0.0279527631907987,-0.0031385133849104,-0.0041973084502868,-0.0236794761785799,0.0120332255383401,2014.0,0.0004967709885743,0.9920453262824548,calm,-0.0209555762379907
2015-01-01,0.47,1.68,1.21,-0.0022993097820542,5.26,20.97,0.0278869511472374,-0.0685797336996251,-0.0343263717973027,-0.031532821802626,-0.0209555762379907,0.0817708448992909,2014.0,0.0004967709885743,0.9274908020241872,credit_stress,0.0680753165495555
2015-02-01,0.63,2.0,1.37,-0.000870314629352,4.46,13.34,0.0433769296831195,-0.0096945660774862,0.0245922095205442,0.0534388714305525,0.0680753165495555,-0.0579073906782237,2014.0,0.0004967709885743,0.9979526051198222,calm,-0.0243858928619962
2015-03-01,0.56,1.94,1.38,-0.0002203128442387,4.82,15.29,0.0455613696019449,-0.0409001993835203,-0.0403848289651763,-0.0175491454863847,-0.0243858928619962,-0.0235422885559869,2014.0,0.0004967709885743,0.9682560462814552,calm,0.018418571102128
2015-04-01,0.58,2.05,1.4699999999999998,-0.0010403098939391,4.59,14.55,0.0359117865410916,0.0431320442594168,0.0344724575209454,0.0084846659144496,0.018418571102128,0.0009459939553729,2014.0,0.0004967709885743,0.999100191697558,calm,0.0210711074044735
2015-05-01,0.61,2.12,1.5100000000000002,0.0003503321824429,4.58,13.84,0.0156246729567716,-0.021087561620096,-0.0039174769347811,0.0104367853318399,0.0210711074044735,0.004817419369232,2014.0,0.0004967709885743,0.9975196713074228,calm,-0.0250411455662613
2015-06-01,0.64,2.35,1.71,0.0017957180975505,5.0,18.23,0.0177494252063741,0.0147809321964488,0.0275573825241186,-0.0212356619135865,-0.0250411455662613,-0.0151193527618164,2014.0,0.0004967709885743,0.9975306131365896,calm,0.0432974803638771
2015-07-01,0.67,2.2,1.5300000000000002,0.0022568611104094,5.36,12.12,0.0214072970589437,-0.0147809321964489,-0.0062627686097689,0.0195496932816652,0.0432974803638771,-0.0680544243500556,2014.0,0.0004967709885743,0.9999201877948896,calm,-0.0714795344545877
2015-08-01,0.74,2.21,1.47,0.0024130379853448,5.7,28.43,0.0420939158428912,0.0207308010026838,-0.0173771369795685,-0.0646247164511346,-0.0714795344545877,0.0353157790362666,2014.0,0.0004967709885743,0.999993506522868,credit_stress,-0.0221210490429936
2015-09-01,0.64,2.06,1.42,8.842961634170088e-05,6.62,24.5,0.0421590493604484,-0.0032792334363021,-0.0145190730664905,-0.0267987189877159,-0.0221210490429936,-0.017120874745359,2014.0,0.0004967709885743,0.9993837531930948,credit_stress,0.1060507721309233
2015-10-01,0.75,2.16,1.41,0.001276165606705,5.9,15.07,0.07484663339485,-0.0153772177860481,0.01982233243471,0.0797193431409227,0.1060507721309233,0.0238144459986446,2014.0,0.0004967709885743,0.991698986139711,credit_stress,0.0033672162328819
2015-11-01,0.94,2.21,1.27,0.0043631821691851,6.4,16.13,0.0553270877843735,-0.0399502481125765,-0.0238370451708366,0.0005048356146132,0.0033672162328819,-0.0703182377992729,2014.0,0.0004967709885743,0.7743092363170331,credit_stress,-0.0153906025454311
2015-12-01,1.06,2.27,1.21,0.0063872475153647,6.95,18.21,0.0517905553448627,0.0269328162124694,-0.0219733010969856,-0.0176856719699785,-0.0153906025454311,-0.0030101804379018,2015.0,0.0004965243296921,0.8527364482478129,credit_stress,-0.0708331231695213
2016-01-01,0.76,1.94,1.18,0.0123750250269438,7.77,20.2,0.0266985631555123,-0.0025260919875234,-0.0336750742134321,-0.0520676409393522,-0.0708331231695213,0.0516187364983458,2015.0,0.0004965243296921,0.6237674491229276,calm,-0.0184079091473776
2016-02-01,0.78,1.74,0.96,0.0084727757901266,7.75,20.55,0.0247084495837344,0.0046967467033081,-0.022850470894526,-0.0041369004400577,-0.0184079091473776,0.1029275464875941,2015.0,0.0004965243296921,0.5442441618776296,calm,0.065086290448925
2016-03-01,0.73,1.78,1.05,0.0089161609655219,7.05,13.95,0.0582762158415019,0.0446422896223567,0.0310281600480786,0.0639049849198823,0.065086290448925,-0.0047819300528128,2015.0,0.0004965243296921,0.9768709090062688,credit_stress,-0.0322636044257586
2016-04-01,0.77,1.83,1.06,0.0117262575035348,6.21,15.7,0.0374676650733175,0.0057212353733857,0.0168626885701607,0.0026957330678163,-0.0322636044257586,0.0475786295171425,2015.0,0.0004965243296921,0.953108968927703,calm,0.0412006112472006
2016-05-01,0.87,1.84,0.97,0.0107847646212462,5.97,14.19,0.0323380470826481,-0.0280493229268529,-0.0085580178418557,0.0152084137379774,0.0412006112472006,-0.0616353564840631,2015.0,0.0004965243296921,0.9925603512568992,calm,-0.0237552550137503
2016-06-01,0.58,1.49,0.91,0.0107928653479594,6.21,15.63,0.0077908787997637,-0.0023928621399163,-0.0863012058286152,0.0009104321367895,-0.0237552550137503,0.0837474097277597,2015.0,0.0004965243296921,0.9997824109052112,calm,0.0683546284510878
2016-07-01,0.67,1.46,0.7899999999999999,0.0086836334305182,5.69,11.87,0.0171133849324341,0.0068305602096799,-0.0035584274937579,0.0349904389437666,0.0683546284510878,0.0225955635917932,2015.0,0.0004965243296921,0.9999663590233426,calm,0.0085946753203137
2016-08-01,0.8,1.58,0.78,0.0105531585956568,5.1,13.42,0.0203190194562567,-0.0019071416124752,-0.0076496269614465,-0.0012199193604147,0.0085946753203137,-0.0325241085195154,2015.0,0.0004965243296921,0.9996137444433576,calm,0.0216951814506081
2016-09-01,0.77,1.6,0.8300000000000001,0.0154864462016521,4.97,13.29,0.0209104857075844,0.0067259119799883,-0.0135620752689383,-0.0012352452011046,0.0216951814506081,0.0066173212590895,2015.0,0.0004965243296921,0.9917549519320836,calm,-0.0153832176341983
2016-10-01,0.86,1.84,0.98,0.0168592496624364,4.91,17.06,0.010617012233917,-0.0234906503381644,-0.0576195679680068,-0.0196167821046888,-0.0153832176341983,-0.0315418383730779,2015.0,0.0004965243296921,0.9971420960760548,calm,0.0019850028573394
2016-11-01,1.11,2.37,1.26,0.0168433347197889,4.67,13.33,0.0270308855573947,-0.0348687080537163,0.0222240347994243,0.033603472465471,0.0019850028573394,-0.08440995533773,2015.0,0.0004965243296921,0.9206764908685904,calm,0.0109175475034283
2016-12-01,1.2,2.45,1.2500000000000002,0.0205079891151198,4.22,14.04,0.027363364865612,-0.0067799437790807,-0.0152207488469692,0.0180371030517574,0.0109175475034283,-0.0192844034342025,2016.0,0.0004962779156327,0.9290792989770862,inflation_stress,0.0507403639889617
2017-01-01,1.19,2.45,1.2600000000000002,0.0251039334825711,4.0,11.99,0.0090782994231676,0.0254783682163353,0.020672612313195,0.0177262980930096,0.0507403639889617,0.0505714310013301,2016.0,0.0004962779156327,0.9836654080294772,inflation_stress,0.0408860172363809
2017-02-01,1.22,2.36,1.14,0.0281036168132942,3.74,12.92,0.010763737474886,-0.0208807897204878,-0.0163324542427447,0.0365230976094356,0.0408860172363809,0.0311307920005519,2016.0,0.0004962779156327,0.9995611106312182,inflation_stress,0.0196764080789834
2017-03-01,1.27,2.4,1.13,0.0244119623655914,3.92,12.37,0.0184572493316911,0.0089072769391132,0.0122463456880866,-0.0003893059401398,0.0196764080789834,-0.0012659243738518,2016.0,0.0004962779156327,0.9978399583370666,inflation_stress,0.0267353869469411
2017-04-01,1.28,2.29,1.01,0.0217622347191539,3.81,10.82,0.019176339827733,0.0207985233721181,0.0332426014797547,0.0090501405584374,0.0267353869469411,0.0165777985851398,2016.0,0.0004962779156327,0.9961095844279418,inflation_stress,0.0361038233556226
2017-05-01,1.28,2.21,0.93,0.0185634316676197,3.74,10.41,0.0062814469298038,0.0317613220631795,-0.0059857929450676,0.0115097183855911,0.0361038233556226,0.000331133662762,2016.0,0.0004962779156327,0.9869127381394788,inflation_stress,-0.0248147524427271
2017-06-01,1.38,2.31,0.9300000000000002,0.0164056580995912,3.77,11.18,0.0033932166686589,0.015619664369412,0.0115214519374622,0.004802282553352,-0.0248147524427271,-0.0216745006576579,2016.0,0.0004962779156327,0.9634755680471176,inflation_stress,0.0405026190085975
2017-07-01,1.34,2.3,0.9599999999999996,0.017251073506566,3.61,10.26,0.0071860391949438,0.0357269922856918,0.0139375078437814,0.0191639615136934,0.0405026190085975,0.0223206838651954,2016.0,0.0004962779156327,0.9838038486903744,inflation_stress,0.0182447791537493
2017-08-01,1.33,2.12,0.79,0.0192812155729698,3.85,10.59,0.0097552256132019,0.0071977581083615,-0.0214128817422144,0.0005463430563159,0.0182447791537493,0.0395721196918473,2016.0,0.0004962779156327,0.9949175244834824,inflation_stress,-0.001554157683794
2017-09-01,1.47,2.33,0.8600000000000001,0.0218056523037117,3.56,9.51,0.0107359189845993,-0.0085504806683726,0.0359277319693699,0.0191189572032488,-0.001554157683794,-0.0307955583496109,2016.0,0.0004962779156327,0.9985844359930728,inflation_stress,0.0440475329474879
2017-10-01,1.6,2.38,0.7799999999999998,0.0202075775313248,3.51,10.18,0.0116251168391615,-0.014503999495578,-0.0085586546881512,0.0219455988783051,0.0440475329474879,-0.0072730443254921,2016.0,0.0004962779156327,0.9992051907538968,inflation_stress,0.0185511720840001
2017-11-01,1.78,2.42,0.6399999999999999,0.0217249386429556,3.61,11.28,0.0043705223120499,0.0204002877560165,0.0170076822667561,0.0276955153306486,0.0185511720840001,0.0027963477207444,2016.0,0.0004962779156327,0.999743282482544,inflation_stress,0.0048362495709105
2017-12-01,1.89,2.4,0.51,0.0212993071955225,3.63,11.04,0.0091452376668427,0.0092756811816202,-0.0009994559350114,0.0097836039043626,0.0048362495709105,0.0220783151534155,2017.0,0.0004960317460318,0.99993984509413,inflation_stress,0.0830017618696812
2018-01-01,2.14,2.72,0.5800000000000001,0.0215131886806394,3.29,13.54,0.0225884923777059,0.03373904795128,0.0503106331642771,0.0546574177870249,0.0830017618696812,0.0315681348770348,2017.0,0.0004960317460318,0.9999885358827244,inflation_stress,-0.0138465210659634
2018-02-01,2.25,2.87,0.6200000000000001,0.0226346893109186,3.47,19.85,0.047210738331326,-0.0178010064986913,-0.0315333223805089,-0.0397261156359207,-0.0138465210659634,-0.0202007349738738,2017.0,0.0004960317460318,0.99812266776405,credit_stress,-0.0406872365451007
2018-03-01,2.27,2.74,0.4700000000000002,0.0233094976464993,3.72,19.97,0.0512722779209801,0.0102478806162987,0.0197220917131279,-0.0272525129537924,-0.0406872365451007,0.0054470074078551,2017.0,0.0004960317460318,0.9997171200318804,credit_stress,0.0037067693940223
2018-04-01,2.49,2.95,0.4599999999999999,0.0247099630210529,3.46,15.93,0.0218132493218631,-0.0196742170689972,-0.0188138429358642,0.0027151117471289,0.0037067693940223,-0.0071932950931068,2017.0,0.0004960317460318,0.9997500446428632,inflation_stress,0.0533762577248857
2018-05-01,2.4,2.83,0.4300000000000001,0.0278192160784249,3.63,15.43,0.0245333648973158,-0.0324948664234924,-0.0352121990548688,0.0213782024026375,0.0533762577248857,-0.0133646931275971,2017.0,0.0004960317460318,0.999916893755501,inflation_stress,0.0104323098428762
2018-06-01,2.52,2.85,0.33,0.0280755069359401,3.71,16.09,0.0102193127024904,-0.0013692887829536,-0.0070133873460369,0.0048307134968018,0.0104323098428762,-0.0359974735316741,2017.0,0.0004960317460318,0.9999432557235124,inflation_stress,0.0267910575218608
2018-07-01,2.67,2.96,0.29,0.0285412478556192,3.46,12.83,0.01529618575275,0.0009330315211192,-0.0062163923321214,0.0353879799767992,0.0267910575218608,-0.0239400316933094,2017.0,0.0004960317460318,0.9999996806425094,inflation_stress,0.0567873846746365
2018-08-01,2.62,2.86,0.2399999999999997,0.0264292385687425,3.49,12.86,0.0162736641988327,-0.0066959937020068,-0.0118322796004057,0.0298143216631948,0.0567873846746365,-0.0193199648738506,2017.0,0.0004960317460318,0.9999990832358256,inflation_stress,-0.0035204391752591
2018-09-01,2.81,3.05,0.2399999999999997,0.0233205510580882,3.28,12.12,0.0165841048768828,9.474305260604732e-05,0.0055309747872094,0.0042851067203219,-0.0035204391752591,-0.006322465739487,2017.0,0.0004960317460318,0.9999993525208466,inflation_stress,-0.0905807337735088
2018-10-01,2.87,3.15,0.2799999999999998,0.0249203247021805,3.81,21.23,0.052934170778706,-0.0256117836606379,-0.0203976414574065,-0.0719293490556602,-0.0905807337735088,0.019449546149496,2017.0,0.0004960317460318,0.9999807232244132,credit_stress,-0.0025998659380599
2018-11-01,2.8,3.01,0.2099999999999999,0.0214732857766777,4.29,18.07,0.0483431984513162,0.0003887097535581,-0.0020298846644434,0.0177017767592947,-0.0025998659380599,0.0055466808872353,2017.0,0.0004960317460318,0.9994382370285684,credit_stress,-0.0933052863663389
2018-12-01,2.48,2.69,0.2099999999999999,0.020023809043401,5.33,25.42,0.0600200914209327,0.0127695480794242,0.0006039097456144,-0.096265287118076,-0.0933052863663389,0.0482628425243394,2018.0,0.0004957858205254,0.9999999999985264,credit_stress,0.0872183079125613
